date,side,price,note
2019-11-14,BUY,1.128,
2020-01-03,SELL,1.227,
2020-02-04,BUY,1.057,
2020-07-06,SELL,1.225,
2021-01-29,BUY,1.285,
2021-03-04,SELL,1.410,
2021-08-04,BUY,1.408,
2021-08-27,SELL,1.531,
2021-11-03,BUY,0.744,价格较上一笔腰斩：疑 512890 份额拆分（截图为未复权成交价）
2022-01-10,SELL,0.825,
2022-03-16,BUY,0.749,
2022-04-06,SELL,0.855,
2022-07-18,BUY,0.807,
2022-09-13,SELL,0.894,
2022-10-21,BUY,0.827,
2023-03-06,SELL,0.894,
2023-10-24,BUY,0.916,
2024-02-21,SELL,0.997,
2024-08-30,BUY,1.009,
2024-10-08,SELL,1.222,
2025-01-14,BUY,1.061,
2025-06-04,SELL,1.168,
2025-10-09,BUY,1.138,
2025-11-13,SELL,1.242,
2025-12-12,BUY,1.174,截至 2026-09-29 仍持有
