date,cube_nav,hs300
2017-02-20,1.0147,3471.3926
2017-02-21,1.0169,3482.823
2017-02-22,1.0216,3489.7567
2017-02-23,1.0151,3473.3236
2017-02-24,1.012,3473.8517
2017-02-27,1.0033,3446.2228
2017-02-28,1.0116,3452.8103
2017-03-01,1.0126,3458.4376
2017-03-02,1.0086,3435.0963
2017-03-03,1.0089,3427.8628
2017-03-06,1.011,3446.484
2017-03-07,1.0078,3453.9565
2017-03-08,1.0056,3448.7313
2017-03-09,1.0018,3426.9438
2017-03-10,1.007,3427.8916
2017-03-13,1.0097,3458.098
2017-03-14,1.0086,3456.6934
2017-03-15,1.0136,3463.6436
2017-03-16,1.0148,3481.5066
2017-03-17,1.0012,3445.8051
2017-03-20,1.0041,3449.6126
2017-03-21,1.0172,3466.3468
2017-03-22,1.0088,3450.0502
2017-03-23,1.0133,3461.9782
2017-03-24,1.0237,3489.5997
2017-03-27,1.0172,3478.0385
2017-03-28,1.0148,3469.8093
2017-03-29,1.0073,3465.1933
2017-03-30,1.0078,3436.758
2017-03-31,1.026,3456.05
2017-04-05,1.0403,3503.8932
2017-04-06,1.0604,3514.0469
2017-04-07,1.0794,3517.4634
2017-04-10,1.0853,3505.1392
2017-04-11,1.0839,3517.328
2017-04-12,1.0823,3509.4387
2017-04-13,1.0862,3514.5662
2017-04-14,1.0782,3486.5045
2017-04-17,1.0839,3479.9417
2017-04-18,1.0915,3462.7429
2017-04-19,1.0959,3445.8761
2017-04-20,1.092,3461.5481
2017-04-21,1.1013,3466.7865
2017-04-24,1.1005,3431.2587
2017-04-25,1.1085,3440.9743
2017-04-26,1.1066,3445.1832
2017-04-27,1.1079,3446.7202
2017-04-28,1.0928,3439.75
2017-05-02,1.0829,3426.5766
2017-05-03,1.0809,3413.1282
2017-05-04,1.0837,3404.3864
2017-05-05,1.0838,3382.5502
2017-05-08,1.0826,3358.8125
2017-05-09,1.0746,3352.5324
2017-05-10,1.0716,3337.7007
2017-05-11,1.0878,3356.6459
2017-05-12,1.0935,3385.3787
2017-05-15,1.102,3399.1937
2017-05-16,1.1092,3428.6491
2017-05-17,1.1005,3409.9656
2017-05-18,1.0963,3398.1127
2017-05-19,1.1014,3403.8492
2017-05-22,1.1027,3411.2387
2017-05-23,1.0987,3424.194
2017-05-24,1.0989,3424.1669
2017-05-25,1.1025,3485.6581
2017-05-26,1.1151,3480.43
2017-05-31,1.1196,3492.8845
2017-06-01,1.1193,3497.7382
2017-06-02,1.1195,3486.5074
2017-06-05,1.1051,3468.7538
2017-06-06,1.118,3492.8816
2017-06-07,1.1286,3533.8718
2017-06-08,1.1526,3560.9786
2017-06-09,1.1586,3576.1703
2017-06-12,1.1635,3574.3894
2017-06-13,1.175,3582.2674
2017-06-14,1.1612,3535.2987
2017-06-15,1.163,3528.7926
2017-06-16,1.1509,3518.7611
2017-06-19,1.1617,3553.6653
2017-06-20,1.1568,3546.494
2017-06-21,1.1773,3587.955
2017-06-22,1.1793,3590.3425
2017-06-23,1.1962,3622.8831
2017-06-26,1.2089,3668.0919
2017-06-27,1.2181,3674.7152
2017-06-28,1.2072,3646.1666
2017-06-29,1.2138,3668.8279
2017-06-30,1.22,3666.7977
2017-07-03,1.2133,3650.8463
2017-07-04,1.206,3619.9841
2017-07-05,1.2208,3659.6795
2017-07-06,1.2274,3660.0967
2017-07-07,1.2266,3655.9293
2017-07-10,1.2205,3653.6868
2017-07-11,1.2377,3670.8086
2017-07-12,1.2287,3658.8236
2017-07-13,1.2213,3686.9205
2017-07-14,1.2227,3703.094
2017-07-17,1.2106,3663.5575
2017-07-18,1.1997,3667.1807
2017-07-19,1.2034,3729.7466
2017-07-20,1.2125,3747.8843
2017-07-21,1.2105,3728.5976
2017-07-24,1.2227,3743.4686
2017-07-25,1.2204,3719.559
2017-07-26,1.2063,3705.3884
2017-07-27,1.2035,3712.1947
2017-07-28,1.2087,3721.8914
2017-07-31,1.2048,3737.8732
2017-08-01,1.2098,3770.3828
2017-08-02,1.2056,3760.8525
2017-08-03,1.1923,3727.8264
2017-08-04,1.188,3707.5796
2017-08-07,1.1922,3726.7948
2017-08-08,1.1927,3732.2129
2017-08-09,1.1937,3731.044
2017-08-10,1.1884,3715.9208
2017-08-11,1.1769,3647.3503
2017-08-14,1.1841,3694.6831
2017-08-15,1.1954,3706.0566
2017-08-16,1.1908,3701.4207
2017-08-17,1.1911,3721.277
2017-08-18,1.1907,3724.6748
2017-08-21,1.1985,3740.9941
2017-08-22,1.2023,3752.298
2017-08-23,1.2053,3756.0884
2017-08-24,1.213,3734.6458
2017-08-25,1.2261,3795.7544
2017-08-28,1.2366,3842.7119
2017-08-29,1.2343,3834.5376
2017-08-30,1.2276,3834.3005
2017-08-31,1.228,3822.0928
2017-09-01,1.2174,3830.5383
2017-09-04,1.2298,3845.6163
2017-09-05,1.2314,3857.0464
2017-09-06,1.2316,3849.4499
2017-09-07,1.2332,3829.8713
2017-09-08,1.2281,3825.9895
2017-09-11,1.2296,3825.6453
2017-09-12,1.2251,3837.9341
2017-09-13,1.2315,3842.6061
2017-09-14,1.2271,3829.9554
2017-09-15,1.2324,3831.2965
2017-09-18,1.2317,3843.1428
2017-09-19,1.2227,3832.1161
2017-09-20,1.2282,3842.4353
2017-09-21,1.2325,3837.8176
2017-09-22,1.2555,3837.7304
2017-09-25,1.2538,3817.7915
2017-09-26,1.247,3820.7816
2017-09-27,1.2514,3821.2
2017-09-28,1.2564,3822.5386
2017-09-29,1.258,3836.5013
2017-10-09,1.2726,3882.2076
2017-10-10,1.2779,3889.8637
2017-10-11,1.2968,3902.6868
2017-10-12,1.2958,3912.9536
2017-10-13,1.2928,3921.0017
2017-10-16,1.2814,3913.4462
2017-10-17,1.2852,3913.0688
2017-10-18,1.3014,3944.1626
2017-10-19,1.3139,3931.2495
2017-10-20,1.3072,3926.852
2017-10-23,1.3096,3930.7981
2017-10-24,1.3176,3959.3953
2017-10-25,1.3183,3976.949
2017-10-26,1.3115,3993.5752
2017-10-27,1.3222,4021.9676
2017-10-30,1.3171,4009.7218
2017-10-31,1.3114,4006.7179
2017-11-01,1.2976,3996.6221
2017-11-02,1.3022,3997.1343
2017-11-03,1.303,3992.6979
2017-11-06,1.3139,4020.8896
2017-11-07,1.3226,4054.2465
2017-11-08,1.3165,4048.0057
2017-11-09,1.3147,4075.8998
2017-11-10,1.3408,4111.9112
2017-11-13,1.3375,4128.0733
2017-11-14,1.3225,4099.35
2017-11-15,1.3188,4073.6696
2017-11-16,1.326,4105.0122
2017-11-17,1.3292,4120.8508
2017-11-20,1.3412,4143.8334
2017-11-21,1.3658,4217.7015
2017-11-22,1.3736,4227.5666
2017-11-23,1.3369,4102.3966
2017-11-24,1.3492,4104.2034
2017-11-27,1.3254,4049.9475
2017-11-28,1.3249,4055.8235
2017-11-29,1.3024,4053.7529
2017-11-30,1.2948,4006.0993
2017-12-01,1.2846,3998.1365
2017-12-04,1.2723,4018.8571
2017-12-05,1.2762,4040.1704
2017-12-06,1.2769,4015.8211
2017-12-07,1.2639,3971.0569
2017-12-08,1.2712,4003.3792
2017-12-11,1.2939,4069.4997
2017-12-12,1.2789,4016.0163
2017-12-13,1.2944,4050.0927
2017-12-14,1.2846,4026.1516
2017-12-15,1.2784,3980.8558
2017-12-18,1.2861,3985.2914
2017-12-19,1.3047,4035.3294
2017-12-20,1.3036,4030.4898
2017-12-21,1.3094,4067.8485
2017-12-22,1.3092,4054.5984
2017-12-25,1.3175,4041.5401
2017-12-26,1.318,4053.6224
2017-12-27,1.307,3991.2075
2017-12-28,1.3178,4018.8974
2017-12-29,1.3268,4030.8549
2018-01-02,1.354,4087.4012
2018-01-03,1.3514,4111.3925
2018-01-04,1.3624,4128.8119
2018-01-05,1.3872,4138.7505
2018-01-08,1.4026,4160.1595
2018-01-09,1.405,4189.2977
2018-01-10,1.4157,4207.8132
2018-01-11,1.4022,4205.5863
2018-01-12,1.4047,4225.001
2018-01-15,1.4019,4225.2393
2018-01-16,1.4353,4258.473
2018-01-17,1.4148,4248.1164
2018-01-18,1.4165,4271.4168
2018-01-19,1.3977,4285.395
2018-01-22,1.4108,4336.5974
2018-01-23,1.4204,4382.6129
2018-01-24,1.4186,4389.8853
2018-01-25,1.4146,4365.0794
2018-01-26,1.4459,4381.2996
2018-01-29,1.4451,4302.0181
2018-01-30,1.4443,4256.1021
2018-01-31,1.4486,4275.8986
2018-02-01,1.431,4245.8978
2018-02-02,1.4476,4271.2326
2018-02-05,1.4724,4274.1464
2018-02-06,1.4354,4148.8856
2018-02-07,1.4039,4050.4972
2018-02-08,1.3886,4012.0472
2018-02-09,1.3223,3840.6527
2018-02-12,1.3414,3890.1046
2018-02-13,1.3535,3935.6324
2018-02-14,1.3585,3966.9614
2018-02-22,1.395,4052.7332
2018-02-23,1.3946,4071.0889
2018-02-26,1.4129,4118.4186
2018-02-27,1.3913,4058.9806
2018-02-28,1.3844,4023.6415
2018-03-01,1.3876,4049.0863
2018-03-02,1.3921,4016.461
2018-03-05,1.3874,4018.097
2018-03-06,1.4084,4066.5647
2018-03-07,1.4015,4036.6536
2018-03-08,1.4004,4077.6001
2018-03-09,1.4075,4108.8652
2018-03-12,1.4197,4127.6662
2018-03-13,1.4131,4091.2533
2018-03-14,1.4134,4073.3447
2018-03-15,1.4093,4096.1627
2018-03-16,1.4066,4056.4226
2018-03-19,1.3937,4074.2479
2018-03-20,1.3861,4077.7041
2018-03-21,1.3812,4061.0502
2018-03-22,1.3726,4020.349
2018-03-23,1.3355,3904.9355
2018-03-26,1.3245,3879.893
2018-03-27,1.3325,3913.2689
2018-03-28,1.3069,3842.7155
2018-03-29,1.3297,3894.0498
2018-03-30,1.3319,3898.4977
2018-04-02,1.3258,3886.9189
2018-04-03,1.3069,3862.4796
2018-04-04,1.3109,3854.8625
2018-04-09,1.3095,3852.9292
2018-04-10,1.3245,3927.1729
2018-04-11,1.3292,3938.3434
2018-04-12,1.317,3898.6354
2018-04-13,1.3181,3871.1443
2018-04-16,1.3047,3808.863
2018-04-17,1.287,3748.6412
2018-04-18,1.2969,3766.282
2018-04-19,1.3184,3811.843
2018-04-20,1.3052,3760.8543
2018-04-23,1.3044,3766.3257
2018-04-24,1.3334,3843.4886
2018-04-25,1.3377,3828.7015
2018-04-26,1.3272,3755.4941
2018-04-27,1.336,3756.8765
2018-05-02,1.344,3763.6461
2018-05-03,1.3575,3793.0001
2018-05-04,1.3552,3774.5981
2018-05-07,1.3803,3834.1877
2018-05-08,1.3946,3878.6767
2018-05-09,1.4008,3871.6152
2018-05-10,1.4214,3893.0565
2018-05-11,1.4062,3872.8383
2018-05-14,1.4137,3909.2933
2018-05-15,1.425,3924.0975
2018-05-16,1.4341,3892.8442
2018-05-17,1.4355,3864.0507
2018-05-18,1.4423,3903.0637
2018-05-21,1.4373,3921.2421
2018-05-22,1.4417,3906.2081
2018-05-23,1.4182,3854.5825
2018-05-24,1.4073,3827.217
2018-05-25,1.4088,3816.498
2018-05-28,1.421,3833.2599
2018-05-29,1.4291,3804.0093
2018-05-30,1.4044,3723.3724
2018-05-31,1.427,3802.3759
2018-06-01,1.4285,3770.5891
2018-06-04,1.4423,3807.5781
2018-06-05,1.4487,3845.3164
2018-06-06,1.4466,3837.3511
2018-06-07,1.4485,3831.0128
2018-06-08,1.4335,3779.6159
2018-06-11,1.4389,3779.9818
2018-06-12,1.4633,3825.9534
2018-06-13,1.4493,3788.3391
2018-06-14,1.4525,3773.3655
2018-06-15,1.4545,3753.4338
2018-06-19,1.4031,3621.1166
2018-06-20,1.4148,3635.4436
2018-06-21,1.4168,3592.965
2018-06-22,1.4275,3608.9046
2018-06-25,1.4114,3560.4777
2018-06-26,1.3895,3531.1112
2018-06-27,1.3694,3459.2621
2018-06-28,1.3534,3423.5255
2018-06-29,1.3829,3510.9845
2018-07-02,1.3465,3407.9638
2018-07-03,1.345,3409.2801
2018-07-04,1.3329,3363.7473
2018-07-05,1.311,3342.4379
2018-07-06,1.3164,3365.1227
2018-07-09,1.3524,3459.1837
2018-07-10,1.3635,3467.5155
2018-07-11,1.3487,3407.5297
2018-07-12,1.3744,3481.0559
2018-07-13,1.3823,3492.6897
2018-07-16,1.3822,3472.0859
2018-07-17,1.3731,3449.3773
2018-07-18,1.3711,3431.3227
2018-07-19,1.3687,3428.343
2018-07-20,1.3935,3492.8938
2018-07-23,1.4117,3525.7503
2018-07-24,1.4355,3581.7057
2018-07-25,1.4389,3577.7522
2018-07-26,1.4272,3536.2456
2018-07-27,1.4269,3521.2269
2018-07-30,1.4248,3515.0794
2018-07-31,1.4256,3517.6568
2018-08-01,1.402,3447.3882
2018-08-02,1.3769,3370.9579
2018-08-03,1.3575,3315.2839
2018-08-06,1.3403,3273.2728
2018-08-07,1.3745,3368.87
2018-08-08,1.3609,3314.51
2018-08-09,1.3811,3397.53
2018-08-10,1.38,3405.02
2018-08-13,1.3826,3390.34
2018-08-14,1.3803,3372.91
2018-08-15,1.3571,3291.98
2018-08-16,1.3308,3276.73
2018-08-17,1.322,3229.62
2018-08-20,1.3313,3267.25
2018-08-21,1.3446,3326.65
2018-08-22,1.3419,3307.95
2018-08-23,1.3401,3320.03
2018-08-24,1.3415,3325.33
2018-08-27,1.3704,3406.57
2018-08-28,1.3733,3400.17
2018-08-29,1.3638,3386.57
2018-08-30,1.3489,3351.09
2018-08-31,1.3461,3334.5
2018-09-03,1.3436,3321.82
2018-09-04,1.3586,3363.9
2018-09-05,1.3372,3298.14
2018-09-06,1.3275,3262.88
2018-09-07,1.3402,3277.64
2018-09-10,1.326,3230.07
2018-09-11,1.3101,3224.21
2018-09-12,1.3057,3202.02
2018-09-13,1.3167,3236.57
2018-09-14,1.3204,3242.09
2018-09-17,1.3064,3204.92
2018-09-18,1.3319,3269.43
2018-09-19,1.3431,3312.48
2018-09-20,1.3433,3310.13
2018-09-21,1.3804,3410.49
2018-09-25,1.3707,3379.8
2018-09-26,1.3818,3417.24
2018-09-27,1.3735,3403.59
2018-09-28,1.3863,3438.86
2018-10-08,1.342,3290.9
2018-10-09,1.3467,3288.69
2018-10-10,1.3582,3281.6
2018-10-11,1.2915,3124.11
2018-10-12,1.3108,3170.73
2018-10-15,1.2819,3126.45
2018-10-16,1.2625,3100.97
2018-10-17,1.278,3118.25
2018-10-18,1.2491,3044.39
2018-10-19,1.2789,3134.95
2018-10-22,1.3299,3270.27
2018-10-23,1.3015,3183.43
2018-10-24,1.3002,3188.2
2018-10-25,1.3011,3194.31
2018-10-26,1.3034,3173.64
2018-10-29,1.2752,3076.89
2018-10-30,1.2826,3110.26
2018-10-31,1.3017,3153.82
2018-11-01,1.2934,3177.03
2018-11-02,1.3252,3290.25
2018-11-05,1.3193,3262.84
2018-11-06,1.3192,3243.15
2018-11-07,1.3124,3221.91
2018-11-08,1.3106,3212.77
2018-11-09,1.3084,3167.44
2018-11-12,1.316,3205.14
2018-11-14,1.313,3204.94
2018-11-15,1.3228,3242.37
2018-11-16,1.3201,3257.67
2018-11-19,1.3215,3294.6
2018-11-20,1.2975,3218.41
2018-11-21,1.3004,3226.49
2018-11-22,1.2958,3214.43
2018-11-23,1.2679,3143.48
2018-11-26,1.2553,3141.24
2018-11-27,1.2531,3137.24
2018-11-28,1.2601,3178.93
2018-11-29,1.245,3137.65
2018-11-30,1.2534,3172.69
2018-12-03,1.2821,3260.95
2018-12-04,1.2938,3267.71
2018-12-05,1.288,3252.0
2018-12-06,1.272,3181.67
2018-12-07,1.2767,3181.56
2018-12-10,1.2685,3144.76
2018-12-11,1.2743,3159.82
2018-12-12,1.2815,3170.61
2018-12-13,1.3001,3219.69
2018-12-14,1.2852,3165.91
2018-12-17,1.3006,3161.2
2018-12-18,1.2957,3128.43
2018-12-19,1.2889,3091.13
2018-12-20,1.2878,3067.42
2018-12-21,1.2872,3029.4
2018-12-24,1.2949,3038.2
2018-12-25,1.2831,3017.28
2018-12-26,1.2833,3002.03
2018-12-27,1.2863,2990.51
2018-12-28,1.2833,3010.65
2019-01-02,1.2597,2969.54
2019-01-03,1.2609,2964.84
2019-01-04,1.2784,3035.87
2019-01-07,1.2914,3054.3
2019-01-08,1.2898,3047.7
2019-01-09,1.2991,3078.48
2019-01-10,1.2979,3072.69
2019-01-11,1.3033,3094.78
2019-01-14,1.3043,3067.78
2019-01-15,1.3124,3127.99
2019-01-16,1.3111,3128.65
2019-01-17,1.3111,3111.42
2019-01-18,1.33,3168.17
2019-01-21,1.3339,3185.64
2019-01-22,1.3197,3143.32
2019-01-23,1.3247,3141.05
2019-01-24,1.3237,3158.78
2019-01-25,1.3309,3184.47
2019-01-28,1.3302,3183.78
2019-01-29,1.3394,3193.97
2019-01-30,1.3273,3168.48
2019-01-31,1.3401,3201.63
2019-02-01,1.356,3247.4
2019-02-11,1.3691,3306.47
2019-02-12,1.37,3330.34
2019-02-13,1.3883,3397.03
2019-02-14,1.3857,3402.14
2019-02-15,1.3628,3338.7
2019-02-18,1.3907,3445.74
2019-02-19,1.3872,3439.61
2019-02-20,1.3912,3451.93
2019-02-21,1.3792,3442.71
2019-02-22,1.3928,3520.12
2019-02-25,1.448,3729.48
2019-02-26,1.4377,3684.69
2019-02-27,1.4325,3678.39
2019-02-28,1.4349,3669.37
2019-03-01,1.45,3749.71
2019-03-04,1.4644,3794.1
2019-03-05,1.4731,3816.01
2019-03-06,1.4826,3848.09
2019-03-07,1.4755,3808.85
2019-03-08,1.4217,3657.58
2019-03-11,1.4488,3729.95
2019-03-12,1.4696,3755.35
2019-03-13,1.4546,3724.19
2019-03-14,1.4439,3698.49
2019-03-15,1.4572,3745.01
2019-03-18,1.4961,3851.75
2019-03-19,1.4871,3833.96
2019-03-20,1.4922,3835.44
2019-03-21,1.4943,3836.89
2019-03-22,1.4929,3833.8
2019-03-25,1.4726,3742.83
2019-03-26,1.4499,3700.44
2019-03-27,1.4685,3743.39
2019-03-28,1.4507,3728.4
2019-03-29,1.4886,3872.34
2019-04-01,1.5364,3973.93
2019-04-02,1.5354,3971.29
2019-04-03,1.5499,4022.16
2019-04-04,1.5705,4062.23
2019-04-08,1.5885,4057.23
2019-04-09,1.5814,4075.43
2019-04-10,1.582,4085.85
2019-04-11,1.5599,3997.58
2019-04-12,1.5489,3988.62
2019-04-15,1.5403,3975.52
2019-04-16,1.5687,4085.79
2019-04-17,1.5734,4087.24
2019-04-18,1.5609,4072.08
2019-04-19,1.5683,4120.61
2019-04-22,1.5324,4025.61
2019-04-23,1.5268,4019.01
2019-04-24,1.529,4030.09
2019-04-25,1.4975,3941.82
2019-04-26,1.482,3889.27
2019-04-29,1.4849,3900.33
2019-04-30,1.504,3913.21
2019-05-06,1.4297,3684.62
2019-05-07,1.4436,3720.67
2019-05-08,1.4256,3667.46
2019-05-09,1.4044,3599.7
2019-05-10,1.4458,3730.45
2019-05-13,1.434,3668.73
2019-05-14,1.4267,3645.15
2019-05-15,1.4552,3727.09
2019-05-16,1.4654,3743.96
2019-05-17,1.429,3648.76
2019-05-20,1.4209,3617.79
2019-05-21,1.4402,3666.78
2019-05-22,1.4354,3649.38
2019-05-23,1.4208,3583.96
2019-05-24,1.4221,3593.91
2019-05-27,1.4385,3637.2
2019-05-28,1.4399,3672.26
2019-05-29,1.4317,3663.91
2019-05-30,1.4275,3641.18
2019-05-31,1.429,3629.79
2019-06-03,1.4204,3632.01
2019-06-04,1.4096,3598.47
2019-06-05,1.4126,3597.11
2019-06-06,1.399,3564.68
2019-06-10,1.4081,3610.74
2019-06-11,1.446,3719.28
2019-06-12,1.4384,3691.1
2019-06-13,1.4361,3685.39
2019-06-14,1.4218,3654.88
2019-06-17,1.4274,3654.82
2019-06-18,1.4279,3667.62
2019-06-19,1.4388,3715.94
2019-06-20,1.4609,3828.52
2019-06-21,1.4654,3833.94
2019-06-24,1.4697,3841.27
2019-06-25,1.4595,3801.31
2019-06-26,1.4563,3794.33
2019-06-27,1.4718,3834.82
2019-06-28,1.4655,3825.59
2019-07-01,1.4933,3935.81
2019-07-02,1.4973,3937.17
2019-07-03,1.5012,3893.53
2019-07-04,1.4935,3873.1
2019-07-05,1.4891,3893.2
2019-07-08,1.4502,3802.79
2019-07-09,1.4507,3793.13
2019-07-10,1.4404,3786.74
2019-07-11,1.4386,3785.22
2019-07-12,1.4468,3808.73
2019-07-15,1.4514,3824.19
2019-07-16,1.4497,3806.84
2019-07-17,1.4472,3804.64
2019-07-18,1.4332,3768.4
2019-07-19,1.4384,3807.96
2019-07-22,1.4254,3781.68
2019-07-23,1.4313,3789.91
2019-07-24,1.4391,3819.83
2019-07-25,1.4424,3851.07
2019-07-26,1.4529,3858.57
2019-07-29,1.4469,3854.27
2019-07-30,1.4557,3870.32
2019-07-31,1.4416,3835.36
2019-08-01,1.4317,3803.47
2019-08-02,1.4137,3747.44
2019-08-05,1.386,3675.69
2019-08-06,1.3563,3636.33
2019-08-07,1.3599,3621.43
2019-08-08,1.3691,3669.29
2019-08-09,1.3608,3633.53
2019-08-12,1.3744,3699.1
2019-08-13,1.3687,3665.75
2019-08-14,1.374,3682.4
2019-08-15,1.3753,3694.0
2019-08-16,1.3757,3710.54
2019-08-19,1.4025,3791.09
2019-08-20,1.4012,3787.73
2019-08-21,1.4008,3781.76
2019-08-22,1.4051,3793.51
2019-08-23,1.4103,3820.86
2019-08-26,1.4033,3765.91
2019-08-27,1.4152,3816.95
2019-08-28,1.4107,3802.58
2019-08-29,1.4042,3790.19
2019-08-30,1.3941,3799.59
2019-09-02,1.422,3848.32
2019-09-03,1.4255,3853.61
2019-09-04,1.4447,3886.0
2019-09-05,1.4573,3925.32
2019-09-06,1.4652,3948.51
2019-09-09,1.4774,3972.95
2019-09-10,1.4704,3959.26
2019-09-11,1.4643,3930.1
2019-09-12,1.476,3972.38
2019-09-16,1.4756,3957.72
2019-09-17,1.4499,3891.22
2019-09-18,1.4591,3910.08
2019-09-19,1.4621,3924.38
2019-09-20,1.4619,3935.65
2019-09-23,1.4459,3890.66
2019-09-24,1.4499,3901.08
2019-09-25,1.4316,3870.98
2019-09-26,1.4253,3841.14
2019-09-27,1.4176,3852.65
2019-09-30,1.4122,3814.53
2019-10-08,1.4305,3837.68
2019-10-09,1.4434,3843.24
2019-10-10,1.4504,3874.64
2019-10-11,1.4585,3911.73
2019-10-14,1.4752,3953.24
2019-10-15,1.4698,3936.25
2019-10-16,1.4668,3922.69
2019-10-17,1.4611,3925.22
2019-10-18,1.4433,3869.38
2019-10-21,1.4553,3880.84
2019-10-22,1.4634,3895.88
2019-10-23,1.4563,3871.08
2019-10-24,1.4538,3870.67
2019-10-25,1.4609,3896.79
2019-10-28,1.4647,3926.59
2019-10-29,1.4599,3910.23
2019-10-30,1.452,3891.23
2019-10-31,1.4477,3886.75
2019-11-01,1.4663,3952.39
2019-11-04,1.4698,3978.12
2019-11-05,1.4866,4002.81
2019-11-06,1.476,3984.88
2019-11-07,1.4828,3991.87
2019-11-08,1.4768,3973.01
2019-11-11,1.449,3902.98
2019-11-12,1.447,3903.69
2019-11-13,1.441,3899.98
2019-11-14,1.4393,3905.86
2019-11-15,1.429,3877.09
2019-11-18,1.4413,3907.93
2019-11-19,1.4576,3947.04
2019-11-20,1.4472,3907.86
2019-11-21,1.4435,3889.6
2019-11-22,1.4369,3849.99
2019-11-25,1.4515,3878.21
2019-11-26,1.4517,3891.65
2019-11-27,1.4454,3875.62
2019-11-28,1.4407,3862.3
2019-11-29,1.4398,3828.67
2019-12-02,1.4468,3836.06
2019-12-03,1.4622,3851.09
2019-12-04,1.4525,3849.82
2019-12-05,1.4576,3879.36
2019-12-06,1.4602,3902.39
2019-12-09,1.4763,3895.45
2019-12-10,1.4756,3900.38
2019-12-11,1.4849,3902.75
2019-12-12,1.4857,3891.02
2019-12-13,1.5055,3968.22
2019-12-16,1.5087,3987.55
2019-12-17,1.5219,4041.8
2019-12-18,1.5196,4032.78
2019-12-19,1.5311,4027.15
2019-12-20,1.5296,4017.25
2019-12-23,1.5067,3967.1
2019-12-24,1.5132,3992.96
2019-12-25,1.5107,3990.87
2019-12-26,1.5299,4025.99
2019-12-27,1.5268,4022.03
2019-12-30,1.548,4081.63
2019-12-31,1.5613,4096.58
2020-01-02,1.583,4152.24
2020-01-03,1.5756,4144.96
2020-01-06,1.5695,4129.3
2020-01-07,1.5841,4160.23
2020-01-08,1.5657,4112.32
2020-01-09,1.5835,4164.37
2020-01-10,1.5822,4163.18
2020-01-13,1.589,4203.99
2020-01-14,1.5893,4189.89
2020-01-15,1.5784,4166.73
2020-01-16,1.5643,4149.04
2020-01-17,1.5643,4154.85
2020-01-20,1.5646,4185.83
2020-01-21,1.5448,4114.31
2020-01-22,1.5484,4131.93
2020-01-23,1.5012,4003.9
2020-02-03,1.372,3688.36
2020-02-04,1.3941,3785.64
2020-02-05,1.4067,3828.53
2020-02-06,1.4376,3899.78
2020-02-07,1.4494,3899.87
2020-02-10,1.4532,3916.01
2020-02-11,1.455,3952.46
2020-02-12,1.459,3984.43
2020-02-13,1.4492,3959.92
2020-02-14,1.4658,3987.73
2020-02-17,1.4898,4077.42
2020-02-18,1.4837,4057.51
2020-02-19,1.4869,4051.31
2020-02-20,1.5026,4144.66
2020-02-21,1.5124,4149.49
2020-02-24,1.5039,4132.84
2020-02-25,1.4933,4123.85
2020-02-26,1.4989,4073.02
2020-02-27,1.5006,4084.88
2020-02-28,1.4595,3940.05
2020-03-02,1.5096,4069.67
2020-03-03,1.5101,4091.36
2020-03-04,1.5401,4115.05
2020-03-05,1.5639,4206.73
2020-03-06,1.5472,4138.51
2020-03-09,1.5126,3997.13
2020-03-10,1.5279,4082.73
2020-03-11,1.5204,4028.43
2020-03-12,1.4948,3950.91
2020-03-13,1.4677,3895.31
2020-03-16,1.4295,3727.84
2020-03-17,1.4219,3709.68
2020-03-18,1.3968,3636.26
2020-03-19,1.3756,3589.09
2020-03-20,1.3994,3653.22
2020-03-23,1.3676,3530.31
2020-03-24,1.4047,3625.11
2020-03-25,1.4366,3722.52
2020-03-26,1.4221,3698.05
2020-03-27,1.4387,3710.06
2020-03-30,1.43,3674.11
2020-03-31,1.4282,3686.16
2020-04-01,1.4177,3675.08
2020-04-02,1.4318,3734.53
2020-04-03,1.4338,3713.22
2020-04-07,1.4636,3798.02
2020-04-08,1.4666,3780.34
2020-04-09,1.4671,3792.81
2020-04-10,1.4503,3769.18
2020-04-13,1.4594,3753.26
2020-04-14,1.4752,3825.7
2020-04-15,1.4601,3797.36
2020-04-16,1.4571,3802.38
2020-04-17,1.4594,3839.49
2020-04-20,1.4678,3853.46
2020-04-21,1.4642,3808.05
2020-04-22,1.4729,3839.38
2020-04-23,1.4603,3829.75
2020-04-24,1.4524,3796.97
2020-04-27,1.462,3822.77
2020-04-28,1.4632,3849.15
2020-04-29,1.4726,3867.03
2020-04-30,1.4652,3912.58
2020-05-06,1.4731,3936.25
2020-05-07,1.4775,3924.89
2020-05-08,1.4912,3963.62
2020-05-11,1.501,3960.18
2020-05-12,1.4956,3960.24
2020-05-13,1.4978,3968.25
2020-05-14,1.4767,3925.22
2020-05-15,1.4707,3912.82
2020-05-18,1.4702,3922.91
2020-05-19,1.4743,3956.25
2020-05-20,1.4588,3935.22
2020-05-21,1.455,3913.79
2020-05-22,1.4238,3824.06
2020-05-25,1.4381,3829.32
2020-05-26,1.4481,3872.77
2020-05-27,1.4441,3845.61
2020-05-28,1.4431,3856.63
2020-05-29,1.4352,3867.02
2020-06-01,1.4765,3971.34
2020-06-02,1.4883,3983.57
2020-06-03,1.4993,3983.65
2020-06-04,1.4988,3982.19
2020-06-05,1.4862,4001.25
2020-06-08,1.4828,4021.95
2020-06-09,1.4911,4047.03
2020-06-10,1.4884,4039.71
2020-06-11,1.473,3995.88
2020-06-12,1.4724,4003.08
2020-06-15,1.4611,3954.99
2020-06-16,1.4781,4014.57
2020-06-17,1.482,4017.59
2020-06-18,1.4855,4044.38
2020-06-19,1.4969,4098.71
2020-06-22,1.4917,4102.05
2020-06-23,1.4883,4121.79
2020-06-24,1.4956,4138.99
2020-06-29,1.4808,4109.72
2020-06-30,1.4971,4163.96
2020-07-01,1.5371,4247.78
2020-07-02,1.5812,4335.84
2020-07-03,1.5928,4419.6
2020-07-06,1.6737,4670.09
2020-07-07,1.6737,4698.13
2020-07-08,1.6887,4774.0
2020-07-09,1.7046,4840.77
2020-07-10,1.6717,4753.13
2020-07-13,1.7201,4852.96
2020-07-14,1.7233,4806.69
2020-07-15,1.6923,4744.47
2020-07-16,1.6455,4516.25
2020-07-17,1.6558,4544.7
2020-07-20,1.7339,4680.3
2020-07-21,1.7307,4691.04
2020-07-22,1.7309,4714.45
2020-07-23,1.7147,4712.44
2020-07-24,1.6474,4505.59
2020-07-27,1.6418,4528.45
2020-07-28,1.65,4568.26
2020-07-29,1.6747,4679.01
2020-07-30,1.6931,4656.15
2020-07-31,1.7156,4695.05
2020-08-03,1.7508,4771.31
2020-08-04,1.752,4775.8
2020-08-05,1.7547,4777.11
2020-08-06,1.7408,4762.76
2020-08-07,1.7245,4707.93
2020-08-10,1.7496,4724.87
2020-08-11,1.7305,4681.78
2020-08-12,1.7421,4647.64
2020-08-13,1.7575,4635.71
2020-08-14,1.7761,4704.63
2020-08-17,1.8313,4815.23
2020-08-18,1.8213,4812.76
2020-08-19,1.8221,4740.68
2020-08-20,1.8064,4679.15
2020-08-21,1.8082,4718.84
2020-08-24,1.8093,4755.85
2020-08-25,1.8043,4761.95
2020-08-26,1.7821,4706.13
2020-08-27,1.7681,4731.35
2020-08-28,1.8012,4844.27
2020-08-31,1.7923,4816.22
2020-09-01,1.7831,4842.12
2020-09-02,1.7665,4843.89
2020-09-03,1.7494,4817.1
2020-09-04,1.7395,4770.22
2020-09-07,1.7154,4669.37
2020-09-08,1.7283,4694.39
2020-09-09,1.695,4584.59
2020-09-10,1.6676,4581.98
2020-09-11,1.6818,4627.28
2020-09-14,1.6856,4651.05
2020-09-15,1.7037,4688.48
2020-09-16,1.697,4657.36
2020-09-17,1.6992,4632.71
2020-09-18,1.7377,4737.09
2020-09-21,1.7213,4691.43
2020-09-22,1.6928,4635.76
2020-09-23,1.6809,4652.33
2020-09-24,1.6394,4563.07
2020-09-25,1.6311,4570.02
2020-09-28,1.6347,4581.91
2020-09-29,1.6348,4591.8
2020-09-30,1.6195,4587.4
2020-10-09,1.6532,4681.14
2020-10-12,1.7001,4823.16
2020-10-13,1.7061,4839.2
2020-10-14,1.6946,4807.1
2020-10-15,1.6937,4798.74
2020-10-16,1.7086,4791.68
2020-10-19,1.6911,4755.49
2020-10-20,1.6929,4793.47
2020-10-21,1.6806,4792.83
2020-10-22,1.6684,4777.98
2020-10-23,1.6313,4718.49
2020-10-26,1.609,4691.24
2020-10-27,1.6076,4699.28
2020-10-28,1.6128,4737.27
2020-10-29,1.6056,4772.92
2020-10-30,1.5644,4695.33
2020-11-02,1.5631,4720.83
2020-11-03,1.5991,4777.56
2020-11-04,1.5965,4813.66
2020-11-05,1.6205,4885.11
2020-11-06,1.6119,4885.72
2020-11-09,1.6302,4981.35
2020-11-10,1.6208,4953.88
2020-11-11,1.6392,4904.9
2020-11-12,1.6372,4908.46
2020-11-13,1.6208,4856.85
2020-11-16,1.6746,4904.17
2020-11-17,1.6872,4894.79
2020-11-18,1.6849,4891.67
2020-11-19,1.6828,4927.99
2020-11-20,1.6883,4943.29
2020-11-23,1.7167,5005.03
2020-11-24,1.7013,4974.29
2020-11-25,1.6746,4910.7
2020-11-26,1.6627,4919.59
2020-11-27,1.6682,4980.77
2020-11-30,1.6587,4960.25
2020-12-01,1.6743,5067.1
2020-12-02,1.6744,5067.14
2020-12-03,1.657,5057.06
2020-12-04,1.6462,5065.92
2020-12-07,1.6249,5022.24
2020-12-08,1.6165,5009.88
2020-12-09,1.596,4942.7
2020-12-10,1.5958,4940.52
2020-12-11,1.5706,4889.63
2020-12-14,1.563,4934.84
2020-12-15,1.564,4945.1
2020-12-16,1.5564,4953.87
2020-12-17,1.5824,5017.48
2020-12-18,1.5933,4999.97
2020-12-21,1.5895,5046.84
2020-12-22,1.5467,4964.77
2020-12-23,1.5446,5007.12
2020-12-24,1.5275,5000.02
2020-12-25,1.5404,5042.01
2020-12-28,1.5399,5064.41
2020-12-29,1.5402,5042.94
2020-12-30,1.5393,5113.71
2020-12-31,1.5498,5211.29
2021-01-04,1.5792,5267.72
2021-01-05,1.6108,5368.5
2021-01-06,1.6175,5417.67
2021-01-07,1.6105,5513.66
2021-01-08,1.61,5495.43
2021-01-11,1.5754,5441.16
2021-01-12,1.5836,5596.35
2021-01-13,1.5848,5577.97
2021-01-14,1.5829,5470.46
2021-01-15,1.5969,5458.08
2021-01-18,1.6122,5518.52
2021-01-19,1.6263,5437.52
2021-01-20,1.6178,5476.43
2021-01-21,1.6328,5564.97
2021-01-22,1.6201,5569.78
2021-01-25,1.6188,5625.92
2021-01-26,1.6128,5512.97
2021-01-27,1.6305,5528.0
2021-01-28,1.5967,5377.14
2021-01-29,1.585,5351.96
2021-02-01,1.6102,5417.65
2021-02-02,1.6285,5501.09
2021-02-03,1.6088,5485.2
2021-02-04,1.5927,5473.95
2021-02-05,1.5796,5483.41
2021-02-08,1.6004,5564.56
2021-02-09,1.6197,5686.25
2021-02-10,1.6328,5807.72
2021-02-18,1.6732,5768.38
2021-02-19,1.7051,5778.84
2021-02-22,1.7245,5597.33
2021-02-23,1.7036,5579.67
2021-02-24,1.6913,5437.57
2021-02-25,1.7093,5469.56
2021-02-26,1.679,5336.76
2021-03-01,1.6915,5418.78
2021-03-02,1.6866,5349.63
2021-03-03,1.728,5452.21
2021-03-04,1.713,5280.71
2021-03-05,1.6908,5262.8
2021-03-08,1.6727,5080.02
2021-03-09,1.6496,4971.0
2021-03-10,1.6307,5003.61
2021-03-11,1.6797,5128.22
2021-03-12,1.6946,5146.38
2021-03-15,1.7021,5035.54
2021-03-16,1.7019,5079.36
2021-03-17,1.6975,5100.86
2021-03-18,1.7065,5141.77
2021-03-19,1.6886,5007.09
2021-03-22,1.7219,5057.15
2021-03-23,1.702,5009.25
2021-03-24,1.676,4928.69
2021-03-25,1.6586,4926.35
2021-03-26,1.6791,5037.99
2021-03-29,1.7092,5046.88
2021-03-30,1.7083,5094.73
2021-03-31,1.7177,5048.36
2021-04-01,1.7085,5110.78
2021-04-02,1.6955,5161.56
2021-04-06,1.7073,5140.34
2021-04-07,1.7294,5103.74
2021-04-08,1.7194,5112.21
2021-04-09,1.718,5035.34
2021-04-12,1.706,4947.75
2021-04-13,1.6813,4939.64
2021-04-14,1.68,4980.63
2021-04-15,1.675,4948.97
2021-04-16,1.7032,4966.18
2021-04-19,1.712,5087.02
2021-04-20,1.7123,5083.37
2021-04-21,1.7101,5098.74
2021-04-22,1.7159,5089.24
2021-04-23,1.6957,5135.45
2021-04-26,1.6909,5077.24
2021-04-27,1.6835,5090.52
2021-04-28,1.6855,5119.24
2021-04-29,1.6734,5164.17
2021-04-30,1.6415,5123.49
2021-05-06,1.64,5061.12
2021-05-07,1.6444,4996.05
2021-05-10,1.6432,4992.42
2021-05-11,1.6575,5023.06
2021-05-12,1.6654,5044.55
2021-05-13,1.6669,4992.97
2021-05-14,1.6828,5110.59
2021-05-17,1.6917,5184.99
2021-05-18,1.7,5187.6
2021-05-19,1.6966,5172.27
2021-05-20,1.6944,5186.41
2021-05-21,1.6926,5134.15
2021-05-24,1.699,5155.59
2021-05-25,1.7178,5318.48
2021-05-26,1.7235,5320.59
2021-05-27,1.7239,5338.23
2021-05-28,1.7175,5321.09
2021-05-31,1.7254,5331.57
2021-06-01,1.7309,5341.68
2021-06-02,1.7196,5289.97
2021-06-03,1.7311,5255.29
2021-06-04,1.7324,5282.28
2021-06-07,1.7326,5277.63
2021-06-08,1.7173,5232.12
2021-06-09,1.7211,5236.45
2021-06-10,1.7152,5271.47
2021-06-11,1.6989,5224.7
2021-06-15,1.6773,5166.56
2021-06-16,1.6686,5080.49
2021-06-17,1.6828,5101.89
2021-06-18,1.6692,5102.47
2021-06-21,1.6659,5090.39
2021-06-22,1.6867,5122.16
2021-06-23,1.6889,5147.39
2021-06-24,1.6949,5155.97
2021-06-25,1.7064,5239.97
2021-06-28,1.6976,5251.76
2021-06-29,1.686,5190.54
2021-06-30,1.7111,5224.04
2021-07-01,1.708,5229.66
2021-07-02,1.6886,5081.12
2021-07-05,1.6871,5085.79
2021-07-06,1.6844,5083.1
2021-07-07,1.6845,5140.49
2021-07-08,1.6516,5088.26
2021-07-09,1.6657,5069.44
2021-07-12,1.6811,5132.71
2021-07-13,1.7056,5142.1
2021-07-14,1.7243,5083.08
2021-07-15,1.7613,5151.46
2021-07-16,1.7818,5094.77
2021-07-19,1.8097,5113.49
2021-07-20,1.8041,5108.99
2021-07-21,1.8214,5144.04
2021-07-22,1.8789,5151.75
2021-07-23,1.8679,5089.23
2021-07-26,1.8353,4925.3
2021-07-27,1.7762,4751.31
2021-07-28,1.7636,4760.48
2021-07-29,1.8105,4850.27
2021-07-30,1.8486,4811.17
2021-08-02,1.8707,4933.74
2021-08-03,1.8431,4934.46
2021-08-04,1.8969,4978.85
2021-08-05,1.9129,4948.67
2021-08-06,1.9524,4921.56
2021-08-09,1.9751,4985.56
2021-08-10,1.9792,5043.15
2021-08-11,2.0192,5015.34
2021-08-12,2.0664,4973.35
2021-08-13,2.0479,4945.98
2021-08-16,2.0524,4941.07
2021-08-17,2.0035,4837.4
2021-08-18,2.0319,4894.24
2021-08-19,2.0073,4862.14
2021-08-20,2.0126,4769.27
2021-08-23,2.0351,4835.88
2021-08-24,2.0601,4888.39
2021-08-25,2.0811,4898.16
2021-08-26,2.0875,4801.61
2021-08-27,2.0955,4827.04
2021-08-30,2.1212,4813.27
2021-08-31,2.1836,4805.61
2021-09-01,2.183,4869.46
2021-09-02,2.2622,4869.41
2021-09-03,2.2468,4843.06
2021-09-06,2.2827,4933.73
2021-09-07,2.3251,4992.83
2021-09-08,2.3589,4972.13
2021-09-09,2.4375,4970.01
2021-09-10,2.3842,5013.52
2021-09-13,2.4622,4991.66
2021-09-14,2.3984,4917.16
2021-09-15,2.3886,4867.32
2021-09-16,2.362,4807.7
2021-09-17,2.314,4855.94
2021-09-22,2.4025,4821.77
2021-09-23,2.4147,4853.2
2021-09-24,2.3379,4849.43
2021-09-27,2.2218,4877.37
2021-09-28,2.2702,4883.83
2021-09-29,2.1787,4833.93
2021-09-30,2.2142,4866.38
2021-10-08,2.2317,4929.94
2021-10-11,2.2319,4936.19
2021-10-12,2.1958,4883.84
2021-10-13,2.1644,4940.11
2021-10-14,2.1828,4913.61
2021-10-15,2.1779,4932.11
2021-10-18,2.1784,4874.78
2021-10-19,2.1714,4922.72
2021-10-20,2.1284,4910.18
2021-10-21,2.1575,4928.02
2021-10-22,2.1139,4959.73
2021-10-25,2.1163,4979.52
2021-10-26,2.1093,4963.1
2021-10-27,2.0805,4898.16
2021-10-28,2.0678,4864.14
2021-10-29,2.0841,4908.77
2021-11-01,2.133,4890.69
2021-11-02,2.1529,4839.85
2021-11-03,2.1715,4821.11
2021-11-04,2.1652,4868.74
2021-11-05,2.132,4842.35
2021-11-08,2.131,4848.18
2021-11-09,2.1262,4846.74
2021-11-10,2.1225,4821.19
2021-11-11,2.1243,4898.65
2021-11-12,2.1225,4888.37
2021-11-15,2.1605,4882.38
2021-11-16,2.1555,4883.32
2021-11-17,2.1624,4885.75
2021-11-18,2.1656,4837.62
2021-11-19,2.1926,4890.06
2021-11-22,2.1882,4912.4
2021-11-23,2.1839,4913.35
2021-11-24,2.1984,4916.66
2021-11-25,2.1708,4896.44
2021-11-26,2.173,4860.13
2021-11-29,2.1595,4851.42
2021-11-30,2.1644,4832.03
2021-12-01,2.1897,4843.85
2021-12-02,2.1964,4856.16
2021-12-03,2.2351,4901.02
2021-12-06,2.2203,4892.62
2021-12-07,2.2159,4922.1
2021-12-08,2.2496,4995.93
2021-12-09,2.2926,5078.69
2021-12-10,2.2758,5055.12
2021-12-13,2.2892,5083.8
2021-12-14,2.2911,5049.7
2021-12-15,2.2736,5005.9
2021-12-16,2.3114,5034.73
2021-12-17,2.3094,4954.76
2021-12-20,2.3068,4880.42
2021-12-21,2.3581,4913.49
2021-12-22,2.3706,4914.45
2021-12-23,2.3636,4948.74
2021-12-24,2.3532,4921.34
2021-12-27,2.3676,4919.32
2021-12-28,2.3493,4955.96
2021-12-29,2.3466,4883.48
2021-12-30,2.3627,4921.51
2021-12-31,2.394,4940.37
2022-01-04,2.4362,4917.77
2022-01-05,2.4272,4868.12
2022-01-06,2.47,4818.23
2022-01-07,2.4763,4822.37
2022-01-10,2.4906,4844.05
2022-01-11,2.4656,4797.77
2022-01-12,2.479,4845.58
2022-01-13,2.4462,4765.92
2022-01-14,2.412,4726.73
2022-01-17,2.4135,4767.28
2022-01-18,2.4038,4813.35
2022-01-19,2.4249,4780.38
2022-01-20,2.3943,4823.51
2022-01-21,2.3572,4779.31
2022-01-24,2.3543,4786.74
2022-01-25,2.2791,4678.45
2022-01-26,2.3079,4712.31
2022-01-27,2.2843,4619.88
2022-01-28,2.2918,4563.77
2022-02-07,2.3576,4634.09
2022-02-08,2.4087,4608.77
2022-02-09,2.4274,4652.06
2022-02-10,2.4464,4639.86
2022-02-11,2.4164,4601.4
2022-02-14,2.395,4551.69
2022-02-15,2.3871,4600.1
2022-02-16,2.4277,4617.99
2022-02-17,2.4084,4629.16
2022-02-18,2.4481,4651.24
2022-02-21,2.4466,4634.31
2022-02-22,2.4067,4574.15
2022-02-23,2.4042,4623.05
2022-02-24,2.3468,4529.32
2022-02-25,2.3686,4573.42
2022-02-28,2.37,4581.65
2022-03-01,2.391,4619.69
2022-03-02,2.4117,4578.6
2022-03-03,2.4431,4551.63
2022-03-04,2.4114,4496.43
2022-03-07,2.3829,4352.78
2022-03-08,2.3148,4265.39
2022-03-09,2.2996,4226.35
2022-03-10,2.3305,4292.84
2022-03-11,2.3571,4306.52
2022-03-14,2.3061,4174.76
2022-03-15,2.178,3983.81
2022-03-16,2.2294,4156.08
2022-03-17,2.2488,4237.7
2022-03-18,2.3048,4265.9
2022-03-21,2.3123,4258.75
2022-03-22,2.3489,4255.3
2022-03-23,2.3413,4276.52
2022-03-24,2.3411,4251.31
2022-03-25,2.3511,4174.57
2022-03-28,2.366,4148.47
2022-03-29,2.3737,4134.14
2022-03-30,2.4055,4254.1
2022-03-31,2.4287,4222.6
2022-04-01,2.4652,4276.16
2022-04-06,2.4996,4263.84
2022-04-07,2.4272,4209.1
2022-04-08,2.4336,4230.77
2022-04-11,2.3929,4100.07
2022-04-12,2.4093,4179.97
2022-04-13,2.4119,4139.74
2022-04-14,2.4368,4191.57
2022-04-15,2.4223,4188.75
2022-04-18,2.3943,4166.38
2022-04-19,2.4417,4134.9
2022-04-20,2.422,4070.79
2022-04-21,2.3501,3995.83
2022-04-22,2.399,4013.25
2022-04-25,2.2608,3814.91
2022-04-26,2.2269,3784.12
2022-04-27,2.2493,3895.54
2022-04-28,2.2687,3921.11
2022-04-29,2.3251,4016.24
2022-05-05,2.3437,4010.21
2022-05-06,2.2775,3908.82
2022-05-09,2.2951,3877.44
2022-05-10,2.3114,3919.87
2022-05-11,2.3178,3976.42
2022-05-12,2.3087,3958.74
2022-05-13,2.3686,3988.6
2022-05-16,2.3869,3956.54
2022-05-17,2.3758,4005.89
2022-05-18,2.3476,3991.91
2022-05-19,2.364,3999.6
2022-05-20,2.3962,4077.6
2022-05-23,2.4194,4053.98
2022-05-24,2.3417,3959.15
2022-05-25,2.396,3983.18
2022-05-26,2.4159,3993.04
2022-05-27,2.4207,4001.3
2022-05-30,2.4106,4029.02
2022-05-31,2.4176,4091.52
2022-06-01,2.4199,4083.18
2022-06-02,2.4059,4089.57
2022-06-06,2.4028,4166.09
2022-06-07,2.4083,4179.13
2022-06-08,2.4199,4219.81
2022-06-09,2.4211,4175.67
2022-06-10,2.4576,4238.99
2022-06-13,2.4076,4189.35
2022-06-14,2.4398,4222.31
2022-06-15,2.4343,4278.22
2022-06-16,2.4169,4250.06
2022-06-17,2.4108,4309.04
2022-06-20,2.4176,4330.43
2022-06-21,2.4058,4325.57
2022-06-22,2.3768,4270.62
2022-06-23,2.4027,4343.88
2022-06-24,2.4083,4394.77
2022-06-27,2.4336,4444.26
2022-06-28,2.4445,4490.52
2022-06-29,2.4419,4421.36
2022-06-30,2.4604,4485.01
2022-07-01,2.4685,4466.72
2022-07-04,2.4704,4496.03
2022-07-05,2.4811,4489.54
2022-07-06,2.4353,4423.97
2022-07-07,2.4608,4443.47
2022-07-08,2.4563,4428.78
2022-07-11,2.4232,4354.62
2022-07-12,2.4279,4313.62
2022-07-13,2.4428,4321.46
2022-07-14,2.4214,4322.07
2022-07-15,2.3756,4248.53
2022-07-18,2.4356,4292.59
2022-07-19,2.4433,4269.34
2022-07-20,2.4691,4283.8
2022-07-21,2.4504,4236.06
2022-07-22,2.4342,4238.23
2022-07-25,2.4191,4212.64
2022-07-26,2.4599,4245.98
2022-07-27,2.4551,4225.04
2022-07-28,2.4578,4225.67
2022-07-29,2.4367,4170.1
2022-08-01,2.4546,4188.68
2022-08-02,2.3916,4107.02
2022-08-03,2.3515,4066.98
2022-08-04,2.3754,4101.54
2022-08-05,2.3869,4156.91
2022-08-08,2.3986,4148.07
2022-08-09,2.4083,4156.29
2022-08-10,2.4153,4109.74
2022-08-11,2.4424,4193.54
2022-08-12,2.4557,4191.15
2022-08-15,2.4666,4185.68
2022-08-16,2.4832,4177.84
2022-08-17,2.4835,4216.96
2022-08-18,2.4785,4180.1
2022-08-19,2.5037,4151.07
2022-08-22,2.5325,4181.4
2022-08-23,2.5542,4161.08
2022-08-24,2.5061,4082.42
2022-08-25,2.5407,4116.24
2022-08-26,2.5311,4107.55
2022-08-29,2.5509,4089.52
2022-08-30,2.5312,4075.79
2022-08-31,2.4792,4078.84
2022-09-01,2.4839,4043.74
2022-09-02,2.4757,4023.61
2022-09-05,2.5073,4015.43
2022-09-06,2.5426,4052.28
2022-09-07,2.5273,4054.98
2022-09-08,2.5215,4037.68
2022-09-09,2.5522,4093.79
2022-09-13,2.5361,4111.11
2022-09-14,2.5121,4065.36
2022-09-15,2.5041,4027.12
2022-09-16,2.4373,3932.68
2022-09-19,2.4537,3928.0
2022-09-20,2.4639,3932.84
2022-09-21,2.476,3903.73
2022-09-22,2.4712,3869.34
2022-09-23,2.4406,3856.02
2022-09-26,2.3833,3836.68
2022-09-27,2.409,3892.3
2022-09-28,2.3661,3828.71
2022-09-29,2.363,3827.14
2022-09-30,2.3843,3804.89
2022-10-10,2.3662,3720.94
2022-10-11,2.3655,3727.69
2022-10-12,2.3919,3784.31
2022-10-13,2.3837,3752.67
2022-10-14,2.4137,3842.47
2022-10-17,2.4131,3846.41
2022-10-18,2.4203,3838.27
2022-10-19,2.4227,3776.53
2022-10-20,2.3927,3754.93
2022-10-21,2.3981,3742.89
2022-10-24,2.3507,3633.37
2022-10-25,2.3396,3627.45
2022-10-26,2.3446,3656.9
2022-10-27,2.3575,3631.14
2022-10-28,2.3106,3541.33
2022-10-31,2.2763,3508.7
2022-11-01,2.3331,3634.17
2022-11-02,2.3958,3677.81
2022-11-03,2.3586,3647.9
2022-11-04,2.3929,3767.17
2022-11-07,2.3958,3775.3
2022-11-08,2.3939,3749.33
2022-11-09,2.3963,3714.27
2022-11-10,2.4043,3685.69
2022-11-11,2.4226,3788.44
2022-11-14,2.4154,3794.02
2022-11-15,2.4521,3865.97
2022-11-16,2.4389,3834.39
2022-11-17,2.4371,3818.66
2022-11-18,2.4192,3801.57
2022-11-21,2.4255,3769.13
2022-11-22,2.4399,3769.57
2022-11-23,2.4473,3773.53
2022-11-24,2.4511,3756.81
2022-11-25,2.4816,3775.78
2022-11-28,2.4743,3733.24
2022-11-29,2.514,3848.42
2022-11-30,2.5259,3853.04
2022-12-01,2.5103,3894.77
2022-12-02,2.505,3870.95
2022-12-05,2.5593,3946.88
2022-12-06,2.5574,3968.2
2022-12-07,2.5681,3958.44
2022-12-08,2.5684,3959.18
2022-12-09,2.5307,3998.24
2022-12-12,2.4991,3953.44
2022-12-13,2.5051,3945.68
2022-12-14,2.497,3954.89
2022-12-15,2.4802,3951.99
2022-12-16,2.4918,3954.23
2022-12-19,2.4429,3893.22
2022-12-20,2.4424,3829.02
2022-12-21,2.437,3830.54
2022-12-22,2.4248,3836.03
2022-12-23,2.4023,3828.22
2022-12-26,2.4097,3843.49
2022-12-27,2.4367,3887.85
2022-12-28,2.4244,3871.26
2022-12-29,2.4033,3856.7
2022-12-30,2.4213,3871.63
2023-01-03,2.445,3887.9
2023-01-04,2.4758,3892.95
2023-01-05,2.4865,3968.58
2023-01-06,2.491,3980.89
2023-01-09,2.4941,4013.12
2023-01-10,2.4599,4017.47
2023-01-11,2.4652,4010.03
2023-01-12,2.4688,4017.87
2023-01-13,2.4962,4074.38
2023-01-16,2.5116,4137.96
2023-01-17,2.5119,4137.24
2023-01-18,2.5333,4130.31
2023-01-19,2.5467,4156.01
2023-01-20,2.5648,4181.53
2023-01-30,2.5545,4201.35
2023-01-31,2.5552,4156.86
2023-02-01,2.5765,4195.93
2023-02-02,2.573,4181.15
2023-02-03,2.5473,4141.63
2023-02-06,2.5375,4086.88
2023-02-07,2.5578,4094.23
2023-02-08,2.5371,4076.14
2023-02-09,2.5624,4130.86
2023-02-10,2.5655,4106.31
2023-02-13,2.5776,4143.57
2023-02-14,2.5848,4145.29
2023-02-15,2.5656,4123.69
2023-02-16,2.5363,4093.49
2023-02-17,2.5327,4034.51
2023-02-20,2.5923,4133.49
2023-02-21,2.613,4144.35
2023-02-22,2.613,4106.95
2023-02-23,2.6266,4103.65
2023-02-24,2.6171,4061.05
2023-02-27,2.6298,4043.84
2023-02-28,2.6511,4069.46
2023-03-01,2.6663,4126.94
2023-03-02,2.6872,4117.74
2023-03-03,2.7008,4130.55
2023-03-06,2.711,4109.01
2023-03-07,2.675,4048.85
2023-03-08,2.6829,4034.11
2023-03-09,2.6742,4019.85
2023-03-10,2.6398,3967.14
2023-03-13,2.67,4008.69
2023-03-14,2.6489,3984.7
2023-03-15,2.6681,3986.9
2023-03-16,2.6319,3939.15
2023-03-17,2.6555,3958.82
2023-03-20,2.6259,3939.08
2023-03-21,2.6324,3982.38
2023-03-22,2.6568,3999.44
2023-03-23,2.6546,4039.09
2023-03-24,2.6271,4027.05
2023-03-27,2.6104,4012.48
2023-03-28,2.626,3999.51
2023-03-29,2.6027,4006.14
2023-03-30,2.6246,4038.53
2023-03-31,2.6386,4050.93
2023-04-03,2.6648,4090.57
2023-04-04,2.6761,4103.11
2023-04-06,2.6589,4096.64
2023-04-07,2.6671,4123.28
2023-04-10,2.6703,4104.81
2023-04-11,2.6953,4100.15
2023-04-12,2.7072,4097.29
2023-04-13,2.7062,4068.98
2023-04-14,2.7107,4092.0
2023-04-17,2.7598,4149.38
2023-04-18,2.7554,4162.03
2023-04-19,2.7367,4124.56
2023-04-20,2.7581,4113.02
2023-04-21,2.725,4032.57
2023-04-24,2.7011,3982.64
2023-04-25,2.701,3962.67
2023-04-26,2.7096,3959.23
2023-04-27,2.748,3988.42
2023-04-28,2.7594,4029.09
2023-05-04,2.7736,4030.25
2023-05-05,2.7738,4016.88
2023-05-08,2.818,4062.66
2023-05-09,2.8077,4027.88
2023-05-10,2.7717,3996.87
2023-05-11,2.7723,3990.66
2023-05-12,2.7605,3937.76
2023-05-15,2.7634,3998.89
2023-05-16,2.7514,3978.21
2023-05-17,2.7266,3960.17
2023-05-18,2.7302,3956.07
2023-05-19,2.7126,3944.54
2023-05-22,2.7191,3969.33
2023-05-23,2.6926,3913.19
2023-05-24,2.6471,3859.09
2023-05-25,2.638,3850.5
2023-05-26,2.6393,3850.95
2023-05-29,2.6417,3833.94
2023-05-30,2.6461,3837.75
2023-05-31,2.6268,3798.54
2023-06-01,2.6348,3806.87
2023-06-02,2.6495,3861.83
2023-06-05,2.6723,3844.25
2023-06-06,2.6696,3808.16
2023-06-07,2.6961,3789.34
2023-06-08,2.7211,3820.19
2023-06-09,2.713,3836.7
2023-06-12,2.6977,3844.43
2023-06-13,2.7073,3864.91
2023-06-14,2.7016,3864.02
2023-06-15,2.7031,3925.5
2023-06-16,2.7075,3963.35
2023-06-19,2.6711,3930.91
2023-06-20,2.6505,3924.24
2023-06-21,2.632,3864.03
2023-06-26,2.5985,3809.7
2023-06-27,2.662,3845.43
2023-06-28,2.6801,3840.8
2023-06-29,2.6653,3821.84
2023-06-30,2.6847,3842.45
2023-07-03,2.6995,3892.88
2023-07-04,2.6879,3899.01
2023-07-05,2.6759,3868.81
2023-07-06,2.6645,3842.75
2023-07-07,2.667,3825.7
2023-07-10,2.6752,3844.33
2023-07-11,2.684,3869.49
2023-07-12,2.6656,3843.44
2023-07-13,2.6851,3898.42
2023-07-14,2.6741,3899.1
2023-07-17,2.6685,3867.17
2023-07-18,2.6854,3854.94
2023-07-19,2.7058,3850.87
2023-07-20,2.6855,3823.69
2023-07-21,2.6857,3821.91
2023-07-24,2.7072,3805.22
2023-07-25,2.7458,3915.12
2023-07-26,2.7658,3907.01
2023-07-27,2.7683,3902.35
2023-07-28,2.8139,3992.74
2023-07-31,2.8323,4014.63
2023-08-01,2.8286,3998.0
2023-08-02,2.8123,3969.9
2023-08-03,2.815,4004.98
2023-08-04,2.7971,4020.58
2023-08-07,2.7605,3990.15
2023-08-08,2.7488,3979.73
2023-08-09,2.7391,3967.57
2023-08-10,2.7546,3975.72
2023-08-11,2.7217,3884.25
2023-08-14,2.7154,3855.91
2023-08-15,2.7452,3846.54
2023-08-16,2.7423,3818.33
2023-08-17,2.7545,3831.1
2023-08-18,2.7236,3784.0
2023-08-21,2.6999,3729.56
2023-08-22,2.7005,3758.23
2023-08-23,2.6819,3696.63
2023-08-24,2.6648,3723.43
2023-08-25,2.6751,3709.15
2023-08-28,2.715,3752.62
2023-08-29,2.7318,3790.11
2023-08-30,2.7062,3788.51
2023-08-31,2.698,3765.27
2023-09-01,2.715,3791.49
2023-09-04,2.7464,3848.95
2023-09-05,2.7326,3820.32
2023-09-06,2.7347,3812.03
2023-09-07,2.7359,3758.47
2023-09-08,2.7295,3739.99
2023-09-11,2.751,3767.54
2023-09-12,2.7463,3760.6
2023-09-13,2.7461,3736.65
2023-09-14,2.7658,3733.51
2023-09-15,2.7579,3708.78
2023-09-18,2.7655,3727.71
2023-09-19,2.7899,3720.5
2023-09-20,2.7895,3705.69
2023-09-21,2.7651,3672.44
2023-09-22,2.7796,3738.93
2023-09-25,2.7979,3714.6
2023-09-26,2.79,3692.89
2023-09-27,2.7804,3700.5
2023-09-28,2.7841,3689.52
2023-10-09,2.7772,3684.73
2023-10-10,2.7451,3657.13
2023-10-11,2.7004,3667.55
2023-10-12,2.7163,3702.38
2023-10-13,2.6906,3663.41
2023-10-16,2.7013,3626.6
2023-10-17,2.7265,3639.4
2023-10-18,2.6862,3610.58
2023-10-19,2.662,3533.54
2023-10-20,2.6375,3510.59
2023-10-23,2.6087,3474.24
2023-10-24,2.6519,3487.13
2023-10-25,2.6455,3504.46
2023-10-26,2.658,3514.14
2023-10-27,2.677,3562.39
2023-10-30,2.6523,3583.77
2023-10-31,2.6534,3572.51
2023-11-01,2.6782,3571.03
2023-11-02,2.6696,3554.19
2023-11-03,2.6532,3584.14
2023-11-06,2.6531,3632.61
2023-11-07,2.6564,3619.76
2023-11-08,2.6609,3611.07
2023-11-09,2.6466,3612.83
2023-11-10,2.6746,3586.49
2023-11-13,2.6825,3579.41
2023-11-14,2.6717,3582.06
2023-11-15,2.686,3607.25
2023-11-16,2.6859,3572.36
2023-11-17,2.6831,3568.07
2023-11-20,2.6885,3576.32
2023-11-21,2.6863,3581.07
2023-11-22,2.6781,3544.42
2023-11-23,2.6945,3561.52
2023-11-24,2.705,3538.01
2023-11-27,2.6843,3511.94
2023-11-28,2.69,3518.52
2023-11-29,2.6793,3488.31
2023-11-30,2.6866,3496.2
2023-12-01,2.6881,3482.88
2023-12-04,2.709,3460.14
2023-12-05,2.6783,3394.26
2023-12-06,2.6734,3399.6
2023-12-07,2.6706,3391.28
2023-12-08,2.6435,3399.46
2023-12-11,2.6801,3419.45
2023-12-12,2.7113,3426.8
2023-12-13,2.6981,3369.61
2023-12-14,2.6889,3351.96
2023-12-15,2.6632,3341.55
2023-12-18,2.659,3329.37
2023-12-19,2.6501,3334.04
2023-12-20,2.646,3297.5
2023-12-21,2.6547,3330.87
2023-12-22,2.6453,3337.23
2023-12-25,2.6446,3347.45
2023-12-26,2.6328,3324.79
2023-12-27,2.6617,3336.36
2023-12-28,2.66,3414.54
2023-12-29,2.6757,3431.11
2024-01-02,2.7142,3386.35
2024-01-03,2.7454,3378.3
2024-01-04,2.7768,3347.05
2024-01-05,2.7501,3329.11
2024-01-08,2.7303,3286.06
2024-01-09,2.7527,3292.5
2024-01-10,2.7405,3277.13
2024-01-11,2.7458,3295.67
2024-01-12,2.751,3284.17
2024-01-15,2.7816,3280.92
2024-01-16,2.7838,3300.88
2024-01-17,2.7561,3229.08
2024-01-18,2.7486,3274.73
2024-01-19,2.736,3269.78
2024-01-22,2.6233,3218.9
2024-01-23,2.6533,3231.93
2024-01-24,2.7085,3277.11
2024-01-25,2.7642,3342.92
2024-01-26,2.792,3333.82
2024-01-29,2.7927,3303.96
2024-01-30,2.7473,3245.04
2024-01-31,2.7134,3215.35
2024-02-01,2.6792,3217.71
2024-02-02,2.6525,3179.63
2024-02-05,2.607,3200.42
2024-02-06,2.6895,3311.69
2024-02-07,2.7259,3343.63
2024-02-08,2.765,3364.93
2024-02-19,2.818,3403.81
2024-02-20,2.8573,3410.85
2024-02-21,2.859,3456.87
2024-02-22,2.8828,3486.67
2024-02-23,2.8791,3489.74
2024-02-26,2.8513,3453.36
2024-02-27,2.8786,3494.79
2024-02-28,2.8069,3450.26
2024-02-29,2.8697,3516.08
2024-03-01,2.8823,3537.8
2024-03-04,2.895,3540.87
2024-03-05,2.9184,3565.51
2024-03-06,2.9187,3551.05
2024-03-07,2.9335,3529.72
2024-03-08,2.9575,3544.91
2024-03-11,2.961,3589.26
2024-03-12,2.9147,3597.49
2024-03-13,2.9029,3572.36
2024-03-14,2.904,3562.22
2024-03-15,2.905,3569.99
2024-03-18,2.9092,3603.53
2024-03-19,2.8855,3577.63
2024-03-20,2.8833,3585.38
2024-03-21,2.8763,3581.09
2024-03-22,2.8675,3545.0
2024-03-25,2.883,3525.76
2024-03-26,2.8825,3543.75
2024-03-27,2.8602,3502.79
2024-03-28,2.8537,3520.96
2024-03-29,2.9158,3537.48
2024-04-01,2.9505,3595.65
2024-04-02,2.9699,3580.68
2024-04-03,2.9827,3567.8
2024-04-08,2.9649,3536.41
2024-04-09,2.9595,3533.49
2024-04-10,2.9703,3504.71
2024-04-11,2.9928,3504.24
2024-04-12,2.9998,3475.84
2024-04-15,3.0666,3549.08
2024-04-16,3.0301,3511.11
2024-04-17,3.0928,3565.4
2024-04-18,3.0941,3569.8
2024-04-19,3.1128,3541.66
2024-04-22,3.0769,3530.9
2024-04-23,3.0573,3506.22
2024-04-24,3.0929,3521.62
2024-04-25,3.1214,3530.28
2024-04-26,3.098,3584.27
2024-04-29,3.084,3623.91
2024-04-30,3.1092,3604.39
2024-05-06,3.1707,3657.88
2024-05-07,3.1709,3659.01
2024-05-08,3.1508,3630.22
2024-05-09,3.1883,3664.56
2024-05-10,3.2007,3666.28
2024-05-13,3.2454,3664.69
2024-05-14,3.246,3657.05
2024-05-15,3.2174,3626.06
2024-05-16,3.1968,3640.36
2024-05-17,3.2057,3677.97
2024-05-20,3.2238,3690.96
2024-05-21,3.2347,3676.16
2024-05-22,3.2057,3684.45
2024-05-23,3.1713,3641.79
2024-05-24,3.1705,3601.48
2024-05-27,3.2214,3635.71
2024-05-28,3.2008,3609.17
2024-05-29,3.1924,3613.52
2024-05-30,3.1621,3594.31
2024-05-31,3.1695,3579.92
2024-06-03,3.147,3588.75
2024-06-04,3.1921,3615.67
2024-06-05,3.1304,3594.79
2024-06-06,3.1112,3592.25
2024-06-07,3.1388,3574.11
2024-06-11,3.1079,3542.88
2024-06-12,3.1223,3544.12
2024-06-13,3.0968,3526.13
2024-06-14,3.0997,3541.53
2024-06-17,3.0921,3536.2
2024-06-18,3.1025,3545.59
2024-06-19,3.0949,3528.75
2024-06-20,3.0776,3503.28
2024-06-21,3.0889,3495.62
2024-06-24,3.043,3476.81
2024-06-25,3.068,3457.9
2024-06-26,3.0816,3480.26
2024-06-27,3.0553,3454.12
2024-06-28,3.0809,3461.66
2024-07-01,3.1297,3478.18
2024-07-02,3.1092,3471.79
2024-07-03,3.0761,3463.41
2024-07-04,3.0591,3445.81
2024-07-05,3.0645,3431.06
2024-07-08,3.0276,3401.76
2024-07-09,3.061,3439.81
2024-07-10,3.0204,3428.97
2024-07-11,3.0577,3468.17
2024-07-12,3.0524,3472.4
2024-07-15,3.0481,3476.25
2024-07-16,3.0226,3498.28
2024-07-17,2.9754,3501.58
2024-07-18,2.9916,3520.93
2024-07-19,2.9705,3539.02
2024-07-22,2.9698,3514.92
2024-07-23,2.9222,3439.88
2024-07-24,2.9104,3418.17
2024-07-25,2.9102,3399.27
2024-07-26,2.952,3409.29
2024-07-29,2.9494,3390.74
2024-07-30,2.9358,3369.38
2024-07-31,2.9862,3442.08
2024-08-01,2.9659,3419.27
2024-08-02,2.9248,3384.39
2024-08-05,2.8776,3343.32
2024-08-06,2.8792,3342.98
2024-08-07,2.8747,3341.49
2024-08-08,2.8812,3342.94
2024-08-09,2.8772,3331.63
2024-08-12,2.9068,3325.86
2024-08-13,2.9214,3334.39
2024-08-14,2.9008,3309.24
2024-08-15,2.915,3341.95
2024-08-16,2.9143,3345.63
2024-08-19,2.9284,3356.97
2024-08-20,2.8943,3332.7
2024-08-21,2.8865,3321.64
2024-08-22,2.876,3313.14
2024-08-23,2.8469,3327.19
2024-08-26,2.8555,3324.22
2024-08-27,2.8396,3305.33
2024-08-28,2.8185,3286.5
2024-08-29,2.7946,3277.68
2024-08-30,2.8017,3321.43
2024-09-02,2.7736,3265.01
2024-09-03,2.7817,3273.43
2024-09-04,2.7661,3252.16
2024-09-05,2.7697,3257.76
2024-09-06,2.7445,3231.35
2024-09-09,2.7184,3192.95
2024-09-10,2.7117,3195.76
2024-09-11,2.6858,3186.13
2024-09-12,2.6875,3172.47
2024-09-13,2.675,3159.25
2024-09-18,2.7152,3171.01
2024-09-19,2.7352,3196.04
2024-09-20,2.741,3201.05
2024-09-23,2.7587,3212.76
2024-09-24,2.8772,3351.91
2024-09-25,2.9525,3401.53
2024-09-26,3.0462,3545.32
2024-09-27,3.0822,3703.68
2024-09-30,3.2948,4017.85
2024-10-08,3.4131,4256.1
2024-10-09,3.1624,3955.98
2024-10-10,3.238,3997.79
2024-10-11,3.1888,3887.17
2024-10-14,3.2514,3961.34
2024-10-15,3.1781,3855.99
2024-10-16,3.2205,3831.59
2024-10-17,3.1785,3788.22
2024-10-18,3.2233,3925.23
2024-10-21,3.2162,3935.2
2024-10-22,3.2614,3957.78
2024-10-23,3.2635,3973.21
2024-10-24,3.2712,3928.83
2024-10-25,3.2828,3956.42
2024-10-28,3.2781,3964.16
2024-10-29,3.2439,3924.65
2024-10-30,3.2079,3889.45
2024-10-31,3.1925,3891.04
2024-11-01,3.1956,3890.02
2024-11-04,3.235,3944.76
2024-11-05,3.2928,4044.57
2024-11-06,3.263,4024.28
2024-11-07,3.3429,4145.7
2024-11-08,3.2822,4104.05
2024-11-11,3.2633,4131.13
2024-11-12,3.2363,4085.74
2024-11-13,3.2483,4110.89
2024-11-14,3.2016,4039.62
2024-11-15,3.1722,3968.83
2024-11-18,3.1885,3950.38
2024-11-19,3.2247,3976.89
2024-11-20,3.2585,3985.77
2024-11-21,3.2622,3989.3
2024-11-22,3.1571,3865.7
2024-11-25,3.1828,3848.09
2024-11-26,3.1728,3840.18
2024-11-27,3.2242,3907.04
2024-11-28,3.2212,3872.55
2024-11-29,3.2318,3916.58
2024-12-02,3.2464,3947.63
2024-12-03,3.2597,3951.89
2024-12-04,3.2487,3930.56
2024-12-05,3.2368,3921.59
2024-12-06,3.2621,3973.14
2024-12-09,3.2696,3966.57
2024-12-10,3.2806,3995.64
2024-12-11,3.2724,3988.83
2024-12-12,3.2869,4028.5
2024-12-13,3.2337,3933.18
2024-12-16,3.2533,3911.84
2024-12-17,3.2412,3922.03
2024-12-18,3.2453,3941.89
2024-12-19,3.2283,3945.46
2024-12-20,3.2164,3927.74
2024-12-23,3.2045,3933.57
2024-12-24,3.2681,3983.69
2024-12-25,3.2536,3985.63
2024-12-26,3.2599,3987.48
2024-12-27,3.2671,3981.03
2024-12-30,3.2908,3999.05
2024-12-31,3.2775,3934.91
2025-01-02,3.2072,3820.4
2025-01-03,3.1908,3775.16
2025-01-06,3.2159,3768.97
2025-01-07,3.2002,3796.11
2025-01-08,3.1998,3789.22
2025-01-09,3.1525,3779.88
2025-01-10,3.0845,3732.48
2025-01-13,3.0628,3722.51
2025-01-14,3.122,3820.54
2025-01-15,3.1254,3796.03
2025-01-16,3.1479,3800.38
2025-01-17,3.1492,3812.34
2025-01-20,3.1498,3829.68
2025-01-21,3.1427,3832.61
2025-01-22,3.1163,3797.02
2025-01-23,3.1327,3803.74
2025-01-24,3.147,3832.86
2025-01-27,3.1697,3817.08
2025-02-05,3.1264,3795.08
2025-02-06,3.1317,3842.83
2025-02-07,3.1418,3892.7
2025-02-10,3.1457,3901.06
2025-02-11,3.148,3883.14
2025-02-12,3.1426,3919.86
2025-02-13,3.1248,3905.14
2025-02-14,3.1298,3939.01
2025-02-17,3.1223,3947.4
2025-02-18,3.096,3912.78
2025-02-19,3.0942,3940.16
2025-02-20,3.0921,3928.9
2025-02-21,3.0799,3978.44
2025-02-24,3.1062,3969.72
2025-02-25,3.0687,3925.65
2025-02-26,3.1053,3959.94
2025-02-27,3.1248,3968.12
2025-02-28,3.08,3890.05
2025-03-03,3.0908,3888.47
2025-03-04,3.1095,3885.22
2025-03-05,3.1191,3902.57
2025-03-06,3.1253,3956.24
2025-03-07,3.1119,3944.01
2025-03-10,3.1071,3928.8
2025-03-11,3.1163,3941.42
2025-03-12,3.1535,3927.23
2025-03-13,3.1601,3911.58
2025-03-14,3.1966,4006.56
2025-03-17,3.1932,3996.79
2025-03-18,3.2198,4007.72
2025-03-19,3.2279,4010.17
2025-03-20,3.207,3974.99
2025-03-21,3.2073,3914.7
2025-03-24,3.2128,3934.85
2025-03-25,3.224,3932.3
2025-03-26,3.2108,3919.36
2025-03-27,3.21,3932.41
2025-03-28,3.2095,3915.17
2025-03-31,3.1784,3887.31
2025-04-01,3.1953,3887.68
2025-04-02,3.2155,3884.39
2025-04-03,3.1853,3861.5
2025-04-07,2.9296,3589.44
2025-04-08,2.9399,3650.76
2025-04-09,2.9429,3686.79
2025-04-10,3.023,3735.12
2025-04-11,3.0061,3750.52
2025-04-14,3.0433,3759.14
2025-04-15,3.062,3761.23
2025-04-16,3.0525,3772.82
2025-04-17,3.0571,3772.22
2025-04-18,3.0802,3772.52
2025-04-21,3.1082,3784.88
2025-04-22,3.1344,3783.95
2025-04-23,3.1407,3786.88
2025-04-24,3.149,3784.36
2025-04-25,3.1479,3786.99
2025-04-28,3.1403,3781.62
2025-04-29,3.1456,3775.08
2025-04-30,3.1184,3770.57
2025-05-06,3.1479,3808.54
2025-05-07,3.1611,3831.63
2025-05-08,3.1558,3852.9
2025-05-09,3.1658,3846.16
2025-05-12,3.1824,3890.61
2025-05-13,3.1855,3896.26
2025-05-14,3.2141,3943.21
2025-05-15,3.1904,3907.2
2025-05-16,3.1966,3889.09
2025-05-19,3.2096,3877.15
2025-05-20,3.2419,3898.17
2025-05-21,3.2421,3916.38
2025-05-22,3.2354,3913.87
2025-05-23,3.2145,3882.27
2025-05-26,3.2535,3860.11
2025-05-27,3.2497,3839.4
2025-05-28,3.2566,3836.24
2025-05-29,3.264,3858.7
2025-05-30,3.2342,3840.23
2025-06-03,3.2492,3852.01
2025-06-04,3.2516,3868.74
2025-06-05,3.2455,3877.56
2025-06-06,3.2477,3873.98
2025-06-09,3.2648,3885.25
2025-06-10,3.2635,3865.47
2025-06-11,3.2834,3894.63
2025-06-12,3.2858,3892.2
2025-06-13,3.2692,3864.18
2025-06-16,3.2702,3873.8
2025-06-17,3.2693,3870.38
2025-06-18,3.2661,3874.97
2025-06-19,3.2269,3843.09
2025-06-20,3.2411,3846.64
2025-06-23,3.2959,3857.9
2025-06-24,3.3215,3904.03
2025-06-25,3.3418,3960.07
2025-06-26,3.3236,3946.02
2025-06-27,3.319,3921.76
2025-06-30,3.3408,3936.08
2025-07-01,3.3656,3942.76
2025-07-02,3.3745,3943.68
2025-07-03,3.3926,3968.07
2025-07-04,3.3955,3982.2
2025-07-07,3.4065,3965.17
2025-07-08,3.4016,3998.45
2025-07-09,3.4056,3991.4
2025-07-10,3.413,4010.02
2025-07-11,3.4039,4014.81
2025-07-14,3.4155,4017.67
2025-07-15,3.3859,4019.06
2025-07-16,3.4159,4007.2
2025-07-17,3.4396,4034.49
2025-07-18,3.4557,4058.55
2025-07-21,3.4662,4085.61
2025-07-22,3.4917,4118.96
2025-07-23,3.5062,4119.77
2025-07-24,3.5177,4149.04
2025-07-25,3.507,4127.16
2025-07-28,3.5029,4135.82
2025-07-29,3.487,4152.02
2025-07-30,3.5039,4151.24
2025-07-31,3.4251,4075.59
2025-08-01,3.4485,4054.93
2025-08-04,3.4754,4070.7
2025-08-05,3.5163,4103.45
2025-08-06,3.5384,4113.49
2025-08-07,3.5442,4114.67
2025-08-08,3.5644,4104.97
2025-08-11,3.5729,4122.51
2025-08-12,3.5938,4143.83
2025-08-13,3.5765,4176.58
2025-08-14,3.5298,4173.31
2025-08-15,3.5469,4202.35
2025-08-18,3.5581,4239.41
2025-08-19,3.559,4223.37
2025-08-20,3.5972,4271.4
2025-08-21,3.6157,4288.07
2025-08-22,3.6125,4378.0
2025-08-25,3.632,4469.22
2025-08-26,3.6553,4452.59
2025-08-27,3.5809,4386.13
2025-08-28,3.5674,4463.78
2025-08-29,3.563,4496.76
2025-09-01,3.5536,4523.71
2025-09-02,3.5569,4490.45
2025-09-03,3.5096,4459.83
2025-09-04,3.5319,4365.21
2025-09-05,3.5608,4460.32
2025-09-08,3.5959,4467.57
2025-09-09,3.5978,4436.26
2025-09-10,3.5853,4445.36
2025-09-11,3.6015,4548.03
2025-09-12,3.5713,4522.0
2025-09-15,3.5794,4533.06
2025-09-16,3.5872,4523.34
2025-09-17,3.593,4551.02
2025-09-18,3.5458,4498.11
2025-09-19,3.5802,4501.92
2025-09-22,3.5254,4522.61
2025-09-23,3.5347,4519.78
2025-09-24,3.5606,4566.07
2025-09-25,3.5297,4593.49
2025-09-26,3.531,4550.05
2025-09-29,3.5524,4620.05
2025-09-30,3.5312,4640.69
2025-10-09,3.5448,4709.48
2025-10-10,3.5849,4616.83
2025-10-13,3.5742,4593.98
2025-10-14,3.6035,4539.06
2025-10-15,3.6411,4606.29
2025-10-16,3.6249,4618.42
2025-10-17,3.5936,4514.23
2025-10-20,3.6109,4538.22
2025-10-21,3.6468,4607.87
2025-10-22,3.643,4592.57
2025-10-23,3.6792,4606.34
2025-10-24,3.6719,4660.68
2025-10-27,3.6964,4716.02
2025-10-28,3.689,4691.97
2025-10-29,3.6906,4747.84
2025-10-30,3.6849,4709.91
2025-10-31,3.7194,4640.67
2025-11-03,3.7591,4653.4
2025-11-04,3.7648,4618.7
2025-11-05,3.7983,4627.26
2025-11-06,3.8023,4693.4
2025-11-07,3.7975,4678.79
2025-11-10,3.8134,4695.05
2025-11-11,3.8098,4652.17
2025-11-12,3.8067,4645.91
2025-11-13,3.8486,4702.07
2025-11-14,3.8579,4628.14
2025-11-17,3.8292,4598.05
2025-11-18,3.792,4568.19
2025-11-19,3.7628,4588.29
2025-11-20,3.748,4564.95
2025-11-21,3.6533,4453.61
2025-11-24,3.6636,4448.05
2025-11-25,3.7194,4490.4
2025-11-26,3.6923,4517.63
2025-11-27,3.6984,4515.4
2025-11-28,3.7064,4526.66
2025-12-01,3.7238,4576.49
2025-12-02,3.7205,4554.33
2025-12-03,3.7199,4531.05
2025-12-04,3.6968,4546.57
2025-12-05,3.7196,4584.54
2025-12-08,3.7225,4621.75
2025-12-09,3.6931,4598.22
2025-12-10,3.6866,4591.83
2025-12-11,3.6465,4552.18
2025-12-12,3.6574,4580.95
2025-12-15,3.6729,4552.06
2025-12-16,3.6445,4497.55
2025-12-17,3.6833,4579.88
2025-12-18,3.7246,4552.79
2025-12-19,3.7432,4568.18
2025-12-22,3.7313,4611.62
2025-12-23,3.7234,4620.73
2025-12-24,3.7298,4634.06
2025-12-25,3.7583,4642.54
2025-12-26,3.7558,4657.24
2025-12-29,3.7446,4639.37
2025-12-30,3.7324,4651.28
2025-12-31,3.732,4629.94
2026-01-05,3.7738,4717.75
2026-01-06,3.8097,4790.69
2026-01-07,3.7944,4776.67
2026-01-08,3.8034,4737.65
2026-01-09,3.8143,4758.92
2026-01-12,3.8536,4789.92
2026-01-13,3.8571,4761.03
2026-01-14,3.8272,4741.93
2026-01-15,3.833,4751.43
2026-01-16,3.825,4731.87
2026-01-19,3.8683,4734.46
2026-01-20,3.8977,4718.88
2026-01-21,3.9016,4723.07
2026-01-22,3.9174,4723.71
2026-01-23,3.8864,4702.5
2026-01-26,3.8913,4706.96
2026-01-27,3.8668,4705.69
2026-01-28,3.8633,4717.99
2026-01-29,3.8958,4753.87
2026-01-30,3.9127,4706.34
2026-02-02,3.8347,4605.98
2026-02-03,3.8576,4660.11
2026-02-04,3.9055,4698.68
2026-02-05,3.9066,4670.42
2026-02-06,3.9157,4643.6
2026-02-09,3.9481,4719.06
2026-02-10,3.9695,4724.3
2026-02-11,3.9701,4713.82
2026-02-12,3.9419,4719.58
2026-02-13,3.8983,4660.41
2026-02-24,3.9483,4707.54
2026-02-25,3.9352,4735.89
2026-02-26,3.923,4726.87
2026-02-27,3.9243,4710.65
2026-03-02,3.9074,4728.67
2026-03-03,3.8904,4655.9
2026-03-04,3.8193,4602.62
2026-03-05,3.8567,4647.69
2026-03-06,3.9121,4660.44
2026-03-09,3.8723,4615.46
2026-03-10,3.9064,4674.76
2026-03-11,3.9296,4704.5
2026-03-12,3.9395,4687.56
2026-03-13,3.9483,4669.14
2026-03-16,3.9547,4671.56
2026-03-17,3.9443,4637.44
2026-03-18,3.9576,4658.33
2026-03-19,3.8996,4583.25
2026-03-20,3.8449,4567.02
2026-03-23,3.6846,4418.0
2026-03-24,3.7821,4474.72
2026-03-25,3.8264,4537.47
2026-03-26,3.7918,4477.53
2026-03-27,3.7992,4502.57
2026-03-30,3.8295,4491.95
2026-03-31,3.8342,4450.05
2026-04-01,3.8862,4526.07
2026-04-02,3.8615,4478.91
2026-04-03,3.7786,4440.79
2026-04-07,3.8021,4440.62
2026-04-08,3.8881,4595.56
2026-04-09,3.8549,4566.22
2026-04-10,3.8874,4636.57
2026-04-13,3.8567,4646.15
2026-04-14,3.8756,4701.28
2026-04-15,3.8886,4685.25
2026-04-16,3.9325,4736.61
2026-04-17,3.9078,4728.67
2026-04-20,3.9094,4757.44
2026-04-21,3.9493,4768.0
2026-04-22,3.9595,4799.63
2026-04-23,3.9426,4786.33
2026-04-24,3.9044,4769.37
2026-04-27,3.8919,4770.95
2026-04-28,3.8924,4758.21
2026-04-29,3.9175,4810.35
2026-04-30,3.8862,4807.31
2026-05-06,3.8975,4877.09
2026-05-07,3.8843,4900.51
2026-05-08,3.8921,4871.91
2026-05-11,3.8924,4951.84
2026-05-12,3.8811,4948.05
2026-05-13,3.8795,4998.34
2026-05-14,3.8576,4914.6
2026-05-15,3.8338,4859.59
2026-05-18,3.7826,4833.52
2026-05-19,3.7845,4852.88
2026-05-20,3.7591,4850.7
2026-05-21,3.6922,4783.1
2026-05-22,3.6888,4845.1
2026-05-25,3.6721,4921.6
2026-05-26,3.6532,4947.85
2026-05-27,3.621,4908.17
2026-05-28,3.6184,4914.21
2026-05-29,3.6499,4892.12
2026-06-01,3.7553,4844.26
2026-06-02,3.7454,4914.56
2026-06-03,3.711,4938.81
2026-06-04,3.6358,4904.75
2026-06-05,3.665,4816.92
2026-06-08,3.6259,4713.64
2026-06-09,3.6211,4801.81
2026-06-10,3.6129,4748.59
2026-06-11,3.5803,4722.41
2026-06-12,3.6178,4777.32
2026-06-15,3.6069,4891.71
2026-06-16,3.5228,4884.23
2026-06-17,3.4796,4931.39
2026-06-18,3.4107,4941.6
2026-06-22,3.454,5059.66
2026-06-23,3.4681,4919.39
2026-06-24,3.4283,4943.02
2026-06-25,3.3972,5020.1
2026-06-26,3.3291,4868.22
2026-06-29,3.3809,4926.92
2026-06-30,3.3296,4979.43
2026-07-01,3.4041,4958.98
2026-07-02,3.4368,4812.3
2026-07-03,3.4914,4842.17
2026-07-06,3.5107,4842.0
2026-07-07,3.4544,4792.26
2026-07-08,3.4381,4755.53
2026-07-09,3.4052,4876.31
2026-07-10,3.4236,4780.79
2026-07-13,3.4143,4695.38
2026-07-14,3.4542,4796.5
2026-07-15,3.5157,4786.78
2026-07-16,3.5107,4698.43
2026-07-17,3.4743,4529.1
2026-07-20,3.5169,4598.32
2026-07-21,3.471,4739.23
2026-07-22,3.47,4717.24
2026-07-23,3.5271,4728.0
2026-07-24,3.486,4649.19
2026-07-27,3.525,4702.43
2026-07-28,3.562,4569.52
2026-07-29,3.6076,4600.26
2026-07-30,3.6488,4549.72
2026-07-31,3.6531,4588.2
2026-08-03,3.6593,4543.18
2026-08-04,3.6147,4600.93
2026-08-05,3.6153,4658.15
2026-08-06,3.6168,4651.31
2026-08-07,3.5996,4694.44
2026-08-10,3.679,4702.02
2026-08-11,3.6408,4663.79
2026-08-12,3.6185,4690.92
2026-08-13,3.5719,4663.95
2026-08-14,3.5576,4665.88
2026-08-17,3.5825,4741.1
2026-08-18,3.5995,4725.81
2026-08-19,3.5685,4588.7
2026-08-20,3.603,4592.75
2026-08-21,3.5768,4618.9
2026-08-24,3.6062,4563.13
2026-08-25,3.6248,4552.03
2026-08-26,3.6297,4590.79
2026-08-27,3.6029,4630.28
2026-08-28,3.6183,4609.18
2026-08-31,3.6127,4625.09
2026-09-01,3.6441,4611.44
2026-09-02,3.602,4547.96
2026-09-03,3.6041,4552.58
2026-09-04,3.6328,4548.05
2026-09-07,3.6159,4575.02
2026-09-08,3.6395,4558.74
2026-09-09,3.6424,4572.6
2026-09-10,3.5969,4548.39
2026-09-11,3.5422,4510.16
2026-09-14,3.557,4480.08
2026-09-15,3.5334,4450.04
2026-09-16,3.5387,4480.27
2026-09-17,3.5388,4460.16
2026-09-18,3.5343,4507.39
2026-09-21,3.5646,4539.57
2026-09-22,3.5604,4544.59
2026-09-23,3.5396,4517.28
2026-09-24,3.5415,4439.14
2026-09-28,3.5291,4340.76
2026-09-29,3.5274,4345.21
2026-09-30,3.5526,4357.62
