rb_id,date,time,symbol,name,prev_weight,target_weight,price
,2017-02-18,,SH601288,农业银行,0,13,3.25
,2017-02-18,,SH600023,浙能电力,0,13,5.82
,2017-02-18,,SH600011,华能国际,0,13,7.56
,2017-02-18,,SZ000600,建投能源,0,13,9.26
,2017-02-18,,SH600741,华域汽车,0,13,16.48
,2017-02-18,,SZ000651,格力电器,0,13,27.52
,2017-02-18,,SH600104,上汽集团,0,13,24.91
,2017-04-10,,SH600066,宇通客车,0,20,21.52
,2017-04-10,,SZ000600,建投能源,16.44,0,12.75
,2017-05-21,,SH600398,海澜之家,0,14,9.43
,2017-05-21,,SH600377,宁沪高速,0,14,9.32
,2017-05-21,,SH601939,建设银行,0,14,6.04
,2017-05-21,,SZ002749,国光股份,0,14,67.2
,2017-05-21,,SH600011,华能国际,12.17,0,7.78
,2017-05-21,,SH600023,浙能电力,11.23,0,5.53
,2017-05-21,,SH601288,农业银行,12.44,0,3.42
,2017-05-21,,SH600066,宇通客车,17.82,0,19.36
,2017-06-26,,SZ000895,双汇发展,0,12,23.2
,2017-06-26,,SH600741,华域汽车,15.77,5,24.14
,2017-12-30,,SH600704,物产中大,0,10,6.83
,2017-12-30,,SH600828,茂业商业,0,10,6.18
,2017-12-30,,SH600325,华发股份,0,10,7.37
,2017-12-30,,SH603328,依顿电子,0,10,14.38
,2017-12-30,,SH600383,金地集团,0,10,13.15
,2017-12-30,,SH601088,中国神华,0,10,23.41
,2017-12-30,,SZ002543,万和电气,0,10,22.99
,2017-12-30,,SZ000895,双汇发展,12.65,10,26.97
,2017-12-30,,SH600377,宁沪高速,12.77,0,9.86
,2017-12-30,,SH600104,上汽集团,13.12,10,31.72
,2017-12-30,,SH601939,建设银行,15.44,0,7.72
,2017-12-30,,SZ000651,格力电器,16.51,0,44.47
,2017-12-30,,SH600741,华域汽车,5.81,0,29.63
,2017-12-30,,SH600398,海澜之家,11.89,10,9.7
,2017-12-30,,SZ002749,国光股份,11.01,0,64.02
,2018-01-21,,SH601566,九牧王,0,13,14.2
,2018-01-21,,SZ000726,鲁泰A,0,13,11.19
,2018-01-21,,SZ000876,新希望,0,13,8.26
,2018-01-21,,SH600383,金地集团,11.56,0,15.95
,2018-01-21,,SH600828,茂业商业,9.67,0,6.27
,2018-01-21,,SH603328,依顿电子,8.95,0,13.5
,2018-01-21,,SZ002543,万和电气,8.83,0,21.3
,2018-05-28,,SH601288,农业银行,0,7,3.62
,2018-05-28,,SH601988,中国银行,0,7,3.82
,2018-05-28,,SH600377,宁沪高速,0,7,9.68
,2018-05-28,,SH600383,金地集团,0,7,10.71
,2018-05-28,,SZ002749,国光股份,0,7,35.73
,2018-05-28,,SZ000488,ST晨鸣,0,4,14.53
,2018-05-28,,SZ002601,龙佰集团,0,4,14.75
,2018-05-28,,SZ002014,永新股份,0,4,7.15
,2018-05-28,,SH600376,首开股份,0,4,8.6
,2018-05-28,,SZ002016,世荣兆业,0,4,16.93
,2018-05-28,,SZ002242,九阳股份,0,4,15.64
,2018-05-28,,SH600507,方大特钢,0,3,11.79
,2018-05-28,,SH600704,物产中大,8.8,0,6.37
,2018-05-28,,SZ000726,鲁泰A,12.42,0,10.8
,2018-05-28,,SZ000895,双汇发展,9.69,7,26.5
,2018-05-28,,SH600325,华发股份,10.99,0,8.59
,2018-05-28,,SH601566,九牧王,15.48,8,17.09
,2018-05-28,,SH600104,上汽集团,10.32,7,34.72
,2018-05-28,,SH600398,海澜之家,12.61,7,12.97
,2018-05-28,,SZ000876,新希望,11.37,0,7.3
,2018-05-29,,SH601003,柳钢股份,0,6,6.24
,2018-05-29,,SZ000718,苏宁环球,0,6,3.94
,2018-05-29,,SH600688,上海石化,0,5,5.82
,2018-05-29,,SH600507,方大特钢,2.92,7,11.54
,2018-05-29,,SZ002014,永新股份,3.93,6,7.07
,2018-05-29,,SZ002016,世荣兆业,4.06,0,17.29
,2018-05-29,,SH600376,首开股份,3.92,0,8.48
,2018-05-29,,SZ000488,ST晨鸣,3.99,0,14.6
,2018-05-29,,SH600383,金地集团,6.92,0,10.65
,2018-05-29,,SZ002242,九阳股份,4.09,0,16.1
,2018-06-04,,SH601636,旗滨集团,0,10,4.82
,2018-06-04,,SH600395,盘江股份,0,5,6.25
,2018-06-04,,SZ000338,潍柴动力,0,5,8.74
,2018-06-04,,SZ000718,苏宁环球,5.79,10,3.84
,2018-06-04,,SH600028,XD中国石,0,3,6.99
,2018-06-04,,SH601006,大秦铁路,0,3,8.52
,2018-06-04,,SZ000429,粤高速A,0,3,8.52
,2018-06-04,,SH601398,工商银行,0,3,5.66
,2018-06-04,,SZ000895,双汇发展,7.49,10,28.83
,2018-06-04,,SH600019,宝钢股份,0,2,8.64
,2018-06-04,,SZ002110,三钢闽光,0,2,15.01
,2018-06-04,,SZ002601,龙佰集团,3.9,4,14.62
,2018-06-04,,SH601003,柳钢股份,6.41,3,6.73
,2018-06-04,,SH601988,中国银行,6.8,3,3.77
,2018-06-04,,SZ002014,永新股份,5.84,0,6.95
,2018-06-04,,SZ002749,国光股份,6.76,0,35.09
,2018-06-04,,SH601288,农业银行,6.87,4,3.61
,2018-06-04,,SH600398,海澜之家,7.68,5,14.47
,2018-06-04,,SH600104,上汽集团,7.13,5,35.92
,2018-06-04,,SH600507,方大特钢,7.17,3,11.94
,2018-06-04,,SH601088,中国神华,8.27,5,20.87
,2018-06-04,,SH601566,九牧王,7.66,5,15.63
,2018-06-04,,SH600688,上海石化,4.85,3,5.7
,2018-06-04,,SH600377,宁沪高速,6.85,4,9.63
,2018-06-07,,SZ002003,伟星股份,0,2,12.65
,2018-06-07,,SH600398,海澜之家,4.91,3,14.35
,2018-06-07,,SH601566,九牧王,4.97,4,15.68
,2018-06-18,,SZ002003,伟星股份,1.85,3,8.6
,2018-06-18,,SZ000718,苏宁环球,10.43,2,3.92
,2018-06-25,,SZ002014,永新股份,0,8,6.46
,2018-07-24,,SH600507,方大特钢,3.02,4,12.03
,2018-07-24,,SH600019,宝钢股份,2.09,3,8.59
,2018-07-24,,SH601003,柳钢股份,4.3,5,9.66
,2018-07-24,,SZ002110,三钢闽光,2.74,0,20.61
,2018-07-26,,SZ002110,三钢闽光,0,3,20.66
,2018-07-26,,SH600507,方大特钢,4.03,3,12.14
,2018-07-26,,SH601003,柳钢股份,5.04,4,9.75
,2018-07-26,,SH600019,宝钢股份,3.01,2,8.61
,2018-08-02,,SH601225,陕西煤业,0,3,7.37
,2018-08-02,,SH600377,宁沪高速,3.85,3,8.61
,2018-08-02,,SZ000429,粤高速A,2.69,2,7.43
,2018-08-02,,SH601006,大秦铁路,3.35,3,8.78
,2018-08-02,,SH601088,中国神华,4.61,3,17.88
,2018-08-02,,SH600897,厦门空港,0,2,19.53
,2018-08-02,,SH600395,盘江股份,5.09,4,6.19
,2018-08-02,,SH600741,华域汽车,0,3,21.39
,2018-08-02,,SH600104,上汽集团,4.65,3,30.22
,2018-08-02,,SZ000338,潍柴动力,4.88,3,7.92
,2018-10-04,,SZ002394,联发股份,0,2,9.91
,2018-10-04,,SZ002003,伟星股份,2.84,2,7.69
,2018-10-04,,SH601566,九牧王,3.58,3,13.17
,2018-10-04,,SH600398,海澜之家,2.32,2,10.06
,2018-10-24,,SH603328,依顿电子,0,4,8.57
,2018-10-24,,SH600377,宁沪高速,3.35,2,8.94
,2018-10-24,,SH600395,盘江股份,4.02,3,5.46
,2018-10-24,,SH601988,中国银行,3.34,2,3.62
,2018-10-25,,SH603328,依顿电子,3.99,6,8.34
,2018-10-25,,SZ002394,联发股份,2.05,4,9.48
,2018-10-25,,SH601566,九牧王,2.89,0,11.8
,2018-10-25,,SZ000718,苏宁环球,1.6,0,2.76
,2018-10-26,,SH601225,陕西煤业,3.78,5,8.69
,2018-10-26,,SZ002394,联发股份,3.96,5,9.68
,2018-10-26,,SH603328,依顿电子,6.06,7,8.7
,2018-10-26,,SH600897,厦门空港,2.16,3,19.8
,2018-10-26,,SH600688,上海石化,3.52,0,5.77
,2018-10-26,,SZ002014,永新股份,7.58,7,5.63
,2018-10-30,,SZ002003,伟星股份,1.91,3,6.89
,2018-10-30,,SH603328,依顿电子,7,8,8.48
,2018-10-30,,SH600398,海澜之家,1.75,0,8.27
,2018-10-31,,SH600741,华域汽车,2.6,4,17.38
,2018-10-31,,SZ000429,粤高速A,2.09,3,7.13
,2018-10-31,,SH600028,XD中国石,3.31,4,6.35
,2018-10-31,,SH600104,上汽集团,2.9,3,27.32
,2018-10-31,,SZ000338,潍柴动力,3.06,0,7.39
,2018-11-24,,SH600873,梅花生物,0,4,4.19
,2018-11-24,,SH600376,首开股份,0,4,6.93
,2018-11-24,,SZ002242,九阳股份,0,4,14.31
,2018-11-24,,SH601328,交通银行,0,3,5.81
,2018-11-24,,SH601939,建设银行,0,3,6.67
,2018-11-24,,SH601818,光大银行,0,3,3.83
,2018-11-24,,SZ000656,金科股份,0,3,5.9
,2018-11-24,,SH600104,上汽集团,2.8,4,25.15
,2018-11-24,,SH600019,宝钢股份,1.86,3,7.04
,2018-11-24,,SH601988,中国银行,2.04,3,3.59
,2018-11-24,,SH600377,宁沪高速,2.16,3,9.39
,2018-11-24,,SZ002110,三钢闽光,2.32,3,14.03
,2018-11-24,,SH600507,方大特钢,2.77,3,9.85
,2018-11-24,,SH601006,大秦铁路,2.92,3,7.74
,2018-11-24,,SZ002394,联发股份,5.32,4,9.94
,2018-11-24,,SZ002003,伟星股份,3.19,3,7.25
,2018-11-24,,SZ000895,双汇发展,8.85,4,22.49
,2018-11-24,,SZ000429,粤高速A,3.18,3,7.44
,2018-11-24,,SH601636,旗滨集团,8.52,4,3.62
,2018-11-24,,SH600395,盘江股份,3.05,3,5.4
,2018-11-24,,SH601225,陕西煤业,4.63,3,7.77
,2018-11-24,,SH601088,中国神华,3.53,3,19.05
,2018-11-24,,SH600741,华域汽车,4.06,3,17.35
,2018-11-24,,SH601288,农业银行,4.5,3,3.58
,2018-11-24,,SH601398,工商银行,3.36,0,5.35
,2018-11-24,,SZ002601,龙佰集团,4.24,4,12.95
,2018-11-24,,SZ002014,永新股份,7.32,4,5.69
,2018-11-24,,SH601003,柳钢股份,3.18,3,6.8
,2018-11-24,,SH603328,依顿电子,8.95,4,9.4
,2018-11-24,,SH600897,厦门空港,3.25,3,20.71
,2018-11-24,,SH600028,XD中国石,3.7,3,5.79
,2019-02-11,,SH600177,雅戈尔,0,2,7.82
,2019-02-11,,SH601003,柳钢股份,2.96,0,7.22
,2019-02-28,,SH510500,中证500ETF南方,0,2,5.396
,2019-02-28,,SH600177,雅戈尔,2.06,4,8.56
,2019-02-28,,SZ002601,龙佰集团,3.86,0,14.29
,2019-03-25,,SH600028,XD中国石,2.63,3,5.92
,2019-03-25,,SH600377,宁沪高速,2.73,3,9.97
,2019-03-25,,SH510500,中证500ETF南方,2.15,2,5.922
,2019-04-26,,SZ002737,葵花药业,0,4,15.91
,2019-04-26,,SH601636,旗滨集团,4.12,0,4.4
,2019-04-26,,SH600507,方大特钢,3.73,0,14.46
,2019-04-26,,SH600741,华域汽车,3.4,0,23.18
,2019-04-26,,SH600019,宝钢股份,2.59,0,7.18
,2019-04-27,,SH601225,陕西煤业,2.9,0,8.82
,2019-04-29,,SZ002206,海利得,0,4,4.46
,2019-04-29,,SH600548,深高速,0,3,10.21
,2019-04-30,,SH600383,金地集团,0,3,12.16
,2019-04-30,,SZ000157,中联重科,0,3,4.97
,2019-04-30,,SH600104,上汽集团,3.64,0,27.18
,2019-04-30,,SZ000789,万年青,0,3,14.22
,2019-05-04,,SZ002233,塔牌集团,0,4,11.15
,2019-05-04,,SH601515,衢州东峰,0,3,9.5
,2019-05-04,,SZ002737,葵花药业,4.02,0,15.7
,2019-05-04,,SH600028,XD中国石,2.84,0,5.57
,2019-06-06,,SH603328,依顿电子,3.6,4,9.42
,2019-06-20,,SZ000651,格力电器,0,3,52.12
,2019-06-20,,SZ002014,永新股份,4.57,5,7.07
,2019-06-20,,SH510500,中证500ETF南方,1.81,0,5.21
,2019-06-20,,SH600377,宁沪高速,3.32,3,10.75
,2019-06-20,,SH600897,厦门空港,3.18,3,24.99
,2019-06-20,,SZ002242,九阳股份,5.03,4,19.7
,2019-07-04,,SH600565,ST迪马,0,4,3.99
,2019-07-04,,SZ002110,三钢闽光,2.82,2,9.18
,2019-07-04,,SH600548,深高速,3.03,0,9.59
,2019-07-04,,SH600177,雅戈尔,4.25,4,6.36
,2019-08-16,,SZ002146,荣盛发展,0,4,8.54
,2019-08-16,,SH601515,衢州东峰,2.34,4,7.02
,2019-08-16,,SZ000651,格力电器,3.19,4,52
,2019-08-16,,SZ002003,伟星股份,2.4,0,6.06
,2019-08-16,,SZ002233,塔牌集团,3.82,0,10.08
,2019-08-16,,SH600177,雅戈尔,4.23,4,6.25
,2019-08-24,,SH600828,茂业商业,0,3,4.62
,2019-08-24,,SZ002206,海利得,3.65,0,3.61
,2019-08-31,,SH600479,千金药业,0,2,9.32
,2019-08-31,,SZ002110,三钢闽光,1.84,0,7.91
,2020-01-22,,SZ002242,九阳股份,5.23,0,27.06
,2020-01-22,,SZ002372,伟星新材,0,5,12.72
,2020-01-23,,SH600828,茂业商业,2.67,4,4.53
,2020-01-23,,SH600479,千金药业,1.81,3,9.23
,2020-01-23,,SH600377,宁沪高速,3.1,4,11.32
,2020-01-23,,SZ000429,粤高速A,2.88,0,8.14
,2020-03-29,,SZ002728,特一药业,0,3,15.39
,2020-03-29,,SH601088,中国神华,2.37,0,16.26
,2020-03-29,,SZ002014,永新股份,6.56,6,9.17
,2020-03-31,,SZ000157,中联重科,3.78,0,5.74
,2020-04-03,,SZ002372,伟星新材,4.64,8,10.88
,2020-04-17,,SZ000656,金科股份,3.77,6,8.15
,2020-04-17,,SH600897,厦门空港,2.24,0,18.07
,2020-04-22,,SZ002233,塔牌集团,0,4,13.97
,2020-04-22,,SZ000789,万年青,3.98,7,13.43
,2020-04-22,,SZ002394,联发股份,3.31,0,9.04
,2020-04-22,,SH600873,梅花生物,3.93,0,4.47
,2020-04-24,,SZ002601,龙佰集团,0,4,16.87
,2020-04-24,,SH601515,衢州东峰,3.25,0,6
,2020-04-29,,SZ300403,汉宇集团,0,3,5.03
,2020-04-29,,SZ002737,葵花药业,0,3,13.63
,2020-04-29,,SH601006,大秦铁路,2.42,0,6.84
,2020-04-29,,SH603328,依顿电子,4.49,0,9.77
,2020-04-30,,SH601155,新城控股,0,4,32.43
,2020-04-30,,SH600566,济川药业,0,3,20.85
,2020-04-30,,SZ300403,汉宇集团,2.99,5,5.03
,2020-04-30,,SZ002601,龙佰集团,4,6,16.99
,2020-04-30,,SH600376,首开股份,3.45,0,6.67
,2020-04-30,,SZ000651,格力电器,3.94,0,54.4
,2020-04-30,,SH600565,ST迪马,2.91,0,2.86
,2020-05-18,,SZ000895,双汇发展,6.51,0,39.98
,2020-05-18,,SH600900,长江电力,0,6,17.08
,2020-05-18,,SZ000789,万年青,7.91,8,14.45
,2020-07-06,,SZ002233,塔牌集团,3.46,5,13.21
,2020-07-06,,SH600177,雅戈尔,3.7,2,6.76
,2020-07-15,,SZ002394,联发股份,0,3,10.46
,2020-07-15,,SZ002728,特一药业,2.68,0,15.96
,2020-07-20,,SH600153,建发股份,0,2,10.11
,2020-07-20,,SH600383,金地集团,3.5,5,14.85
,2020-07-20,,SZ002394,联发股份,2.96,4,10.2
,2020-07-20,,SZ002014,永新股份,5.98,6,10.56
,2020-07-20,,SZ002601,龙佰集团,8.3,4,26
,2020-07-22,,SZ002443,金洲管道,0,3,7.18
,2020-07-22,,SH600566,济川药业,3.17,0,25.55
,2020-08-06,,SH600027,华电国际,0,7,3.62
,2020-08-06,,SH601009,南京银行,0,7,7.94
,2020-08-06,,SZ300193,佳士科技,0,7,8.06
,2020-08-06,,SZ002128,电投能源,0,7,11.56
,2020-08-06,,SZ300498,温氏股份,0,6,23.75
,2020-08-06,,SH601818,光大银行,2.42,8,3.88
,2020-08-06,,SZ002233,塔牌集团,5.83,9,16.11
,2020-08-06,,SZ002443,金洲管道,2.95,6,7.23
,2020-08-06,,SZ002014,永新股份,6.85,8,12.32
,2020-08-06,,SZ300403,汉宇集团,4.79,0,5.73
,2020-08-06,,SH600479,千金药业,3.13,0,10.48
,2020-08-06,,SH600377,宁沪高速,3.06,0,9.88
,2020-08-06,,SZ002372,伟星新材,8.65,0,13.88
,2020-08-06,,SH600395,盘江股份,2.71,0,5.96
,2020-08-06,,SH601939,建设银行,2.2,0,6.22
,2020-08-06,,SH600153,建发股份,1.82,0,9.42
,2020-08-06,,SH601288,农业银行,2.15,0,3.24
,2020-08-06,,SH601988,中国银行,2.23,0,3.35
,2020-08-06,,SH600828,茂业商业,3.98,0,4.81
,2020-08-06,,SZ002737,葵花药业,3.12,0,15.9
,2020-08-06,,SH600900,长江电力,5.55,0,18.18
,2020-08-06,,SH600177,雅戈尔,1.88,0,6.66
,2020-08-06,,SH601328,交通银行,1.99,0,4.79
,2020-08-08,,SZ002381,双箭股份,0,7,9.57
,2020-08-08,,SZ300193,佳士科技,6.85,0,7.84
,2020-08-29,,SH600023,浙能电力,0,7,3.87
,2020-08-29,,SH600873,梅花生物,0,5,6.11
,2020-08-29,,SZ300082,奥克股份,0,5,9.02
,2020-08-29,,SZ002394,联发股份,4.04,0,10.89
,2020-08-29,,SH600383,金地集团,4.75,0,14.9
,2020-08-29,,SH601818,光大银行,7.78,0,3.9
,2020-10-25,,SH600873,梅花生物,4.75,7,5.2
,2020-10-25,,SZ002381,双箭股份,7.9,8.99,10.06
,2020-10-25,,SZ002146,荣盛发展,3.26,0,7.69
,2021-01-04,,SZ002381,双箭股份,7.9,10,8.61
,2021-01-04,,SZ300082,奥克股份,7.94,5,12.5
,2021-02-19,,SZ002014,永新股份,7.03,9,10.33
,2021-02-19,,SZ002601,龙佰集团,7.55,6,47.65
,2021-03-05,,SZ002601,龙佰集团,4.42,0,35.41
,2021-03-05,,SH600216,浙江医药,0,6,15.32
,2021-03-05,,SZ002381,双箭股份,10.27,9,9.42
,2021-03-21,,SH600325,华发股份,0,5,6.19
,2021-03-21,,SZ300193,佳士科技,0,5,7.56
,2021-03-21,,SZ002443,金洲管道,6.23,7,7.27
,2021-03-21,,SH600216,浙江医药,6.26,0,16.11
,2021-03-21,,SZ300498,温氏股份,4.53,0,17.09
,2021-05-01,,SH501089,消费红利增强LOF,0,30,1.359
,2021-05-01,,SZ159905,红利ETF工银,0,20,2.753
,2021-05-01,,SH515570,山证红利ETF,0,10,1.257
,2021-05-01,,SH600023,浙能电力,7.09,3,3.57
,2021-05-01,,SH601009,南京银行,8.54,3,9.12
,2021-05-01,,SH600325,华发股份,5.25,2,6.32
,2021-05-01,,SH601155,新城控股,5.19,3,45.03
,2021-05-01,,SZ000656,金科股份,4.51,2,6.59
,2021-05-01,,SZ002381,双箭股份,8.87,3,9.1
,2021-05-01,,SZ002443,金洲管道,6.4,2,6.47
,2021-05-01,,SH600027,华电国际,6.96,3,3.39
,2021-05-01,,SZ002128,电投能源,6.87,3,10.68
,2021-05-01,,SH600873,梅花生物,8.01,3,6.05
,2021-05-01,,SZ300193,佳士科技,6.58,3,9.68
,2021-05-01,,SZ002014,永新股份,8.41,3,9.09
,2021-05-01,,SZ300082,奥克股份,3.58,2,9.35
,2021-05-01,,SZ002233,塔牌集团,7.08,3,11.29
,2021-05-01,,SZ000789,万年青,6.58,2,13.36
,2021-05-06,,SZ300193,佳士科技,3.02,4,9.71
,2021-05-06,,SZ002128,电投能源,3.12,4,11.06
,2021-05-06,,SH600325,华发股份,2,0,6.28
,2021-05-14,,SH601088,中国神华,0,4,20.2
,2021-05-14,,SH600261,阳光照明,0,1.31,4.22
,2021-05-14,,SZ159905,红利ETF工银,19.17,14,2.672
,2021-05-14,,SH600479,千金药业,0,2.73,9.61
,2021-05-14,,SH515570,山证红利ETF,9.73,7,1.24
,2021-05-14,,SH600261,阳光照明,1.32,4,4.24
,2021-05-14,,SH600479,千金药业,2.73,4,9.6
,2021-05-14,,SH501089,消费红利增强LOF,29.73,21,1.362
,2021-05-14,,SH601006,大秦铁路,0,4.75,7.1
,2021-05-23,,SZ002763,汇洁股份,0,4,10.38
,2021-05-23,,SH600188,兖矿能源,0,3.22,13.27
,2021-05-23,,SZ159905,红利ETF工银,14.27,7,2.762
,2021-05-26,,SH603165,荣晟环保,0,4,14.43
,2021-05-26,,SH600919,江苏银行,0,3,7.81
,2021-05-26,,SZ159905,红利ETF工银,7.04,0,2.825
,2021-07-12,,SH600057,厦门象屿,0,10,6.79
,2021-07-12,,SZ002533,金杯电工,0,8,5.26
,2021-07-12,,SH600782,新钢股份,0,7.65,6.21
,2021-07-12,,SH600023,浙能电力,2.98,0,3.38
,2021-07-12,,SH600919,江苏银行,2.83,0,6.85
,2021-07-12,,SH601006,大秦铁路,4.38,0,6.07
,2021-07-12,,SZ000656,金科股份,1.64,0,5.07
,2021-07-12,,SZ002381,双箭股份,2.8,0,8.18
,2021-07-12,,SZ002128,电投能源,3.63,0,10.21
,2021-07-12,,SZ002014,永新股份,2.78,0,8.53
,2021-07-12,,SZ002233,塔牌集团,2.71,0,10.31
,2021-07-12,,SZ000789,万年青,1.79,0,11.53
,2021-07-12,,SH600210,紫江企业,0,8,5.1
,2021-07-12,,SZ002003,伟星股份,0,8,7
,2021-07-12,,SH600755,厦门国贸,0,6,7.77
,2021-07-12,,SH603017,中衡设计,0,3,10.01
,2021-07-12,,SH600261,阳光照明,3.98,6.66,3.96
,2021-07-12,,SH600782,新钢股份,7.73,8,6.31
,2021-07-12,,SH501089,消费红利增强LOF,21.59,0,1.408
,2021-07-12,,SH515570,山证红利ETF,6.73,0,1.196
,2021-07-13,,SH601126,四方股份,0,3.29,8.44
,2021-07-13,,SZ300082,奥克股份,2.92,0,13.43
,2021-07-14,,SH600285,羚锐制药,0,3.21,10.67
,2021-07-14,,SZ002763,汇洁股份,4.31,6.17,10.45
,2021-07-14,,SH601009,南京银行,3.25,0,9.96
,2021-07-14,,SZ002443,金洲管道,1.83,0,5.86
,2021-07-18,,SZ001696,宗申动力,0,5.14,7.55
,2021-07-18,,SH601155,新城控股,2.41,0,37.51
,2021-07-18,,SH600873,梅花生物,2.72,0,5.97
,2021-07-24,,SH600502,安徽建工,0,8,4.07
,2021-07-24,,SH601000,唐山港,0,5.22,2.54
,2021-07-24,,SH600027,华电国际,2.66,0,3.17
,2021-07-24,,SZ002763,汇洁股份,4.89,0,8.95
,2021-07-24,,SH600261,阳光照明,5.68,0,3.76
,2021-07-31,,SH600368,五洲交通,0,5.51,3.6
,2021-07-31,,SH600285,羚锐制药,2.84,7,10.07
,2021-07-31,,SH601000,唐山港,5.05,7,2.42
,2021-07-31,,SZ002003,伟星股份,7.66,9,7.35
,2021-07-31,,SH603165,荣晟环保,3.1,0,11.94
,2021-07-31,,SH600479,千金药业,3.44,0,8.15
,2021-07-31,,SH603017,中衡设计,2.55,0,9.32
,2021-07-31,,SZ002533,金杯电工,12.69,8,9.2
,2021-08-04,,SH600395,盘江股份,0,4,7.75
,2021-08-04,,SH600188,兖矿能源,3.87,5,16.98
,2021-08-04,,SH601088,中国神华,3.29,4.2,17.35
,2021-08-04,,SH600210,紫江企业,12.62,7,8.81
,2021-08-05,,SH600395,盘江股份,3.89,6,7.58
,2021-08-05,,SH600285,羚锐制药,6.96,8,10.4
,2021-08-05,,SH600210,紫江企业,6.86,4,8.67
,2021-08-08,,SH600027,华电国际,0,3.88,3.35
,2021-08-08,,SZ002533,金杯电工,8.28,6,10.13
,2021-08-08,,SH600210,紫江企业,3.88,3,8.62
,2021-08-08,,SZ300193,佳士科技,5.7,5,15.86
,2021-08-14,,SH600873,梅花生物,0,5.6,6.43
,2021-08-14,,SH601126,四方股份,4.99,2,15.68
,2021-08-14,,SZ300193,佳士科技,4.55,2,15.11
,2021-08-21,,SZ002540,亚太科技,0,4,5.35
,2021-08-21,,SH601515,衢州东峰,0,3.41,6.18
,2021-08-21,,SZ002533,金杯电工,5.4,2,9.46
,2021-08-21,,SH600210,紫江企业,3,2,8.95
,2021-08-21,,SH600285,羚锐制药,7.01,4,9.69
,2021-08-25,,SH600210,紫江企业,1.97,0,8.96
,2021-08-25,,SH600755,厦门国贸,4.93,6,7.9
,2021-08-25,,SZ001696,宗申动力,4.78,5.26,8.12
,2021-08-29,,SH600820,隧道股份,0,4.76,5.28
,2021-08-29,,SH600873,梅花生物,5.67,6.69,6.67
,2021-08-29,,SH601126,四方股份,1.63,1,13.08
,2021-08-29,,SZ001696,宗申动力,4.75,0,7.42
,2021-09-06,,SZ002540,亚太科技,3.71,5,5.54
,2021-09-06,,SZ002533,金杯电工,1.65,0,8.75
,2021-09-12,,SH600383,金地集团,0,4.35,11.59
,2021-09-12,,SH600782,新钢股份,9.12,5,10.32
,2021-09-13,,SH600502,安徽建工,6.56,7.84,4.38
,2021-09-13,,SH601000,唐山港,6.34,6.91,2.92
,2021-09-13,,SH600782,新钢股份,4.74,3,9.96
,2021-09-18,,SZ002763,汇洁股份,0,6.26,9.99
,2021-09-18,,SH600188,兖矿能源,7.68,3,31.53
,2021-09-18,,SZ300193,佳士科技,1.71,0,14.53
,2021-10-01,,SH603886,元祖股份,0,8,19.02
,2021-10-01,,SH600261,阳光照明,0,6.67,3.93
,2021-10-01,,SH600502,安徽建工,7.73,0,3.97
,2021-10-01,,SZ002540,亚太科技,4.48,0,4.92
,2021-10-01,,SH600782,新钢股份,2.36,0,7.21
,2021-10-15,,SH603920,世运电路,0,7.49,14.94
,2021-10-15,,SH601009,南京银行,0,7,9.93
,2021-10-15,,SH600376,首开股份,0,6,5.47
,2021-10-15,,SH600368,五洲交通,4.99,0,3.84
,2021-10-15,,SH600027,华电国际,4.25,0,4.06
,2021-10-15,,SH600261,阳光照明,6.65,0,3.77
,2021-10-15,,SH600820,隧道股份,4.74,0,5.43
,2021-10-23,,SH601318,中国平安,0,7,52.93
,2021-10-23,,SZ000895,双汇发展,0,6.35,28.56
,2021-10-23,,SH601155,新城控股,0,6.02,37.06
,2021-10-23,,SZ002242,九阳股份,0,6,23.19
,2021-10-23,,SH601166,兴业银行,0,4,19.57
,2021-10-23,,SZ002003,伟星股份,9.05,0,8.42
,2021-10-23,,SH600395,盘江股份,6.13,0,8.49
,2021-10-23,,SH600285,羚锐制药,4.01,0,10.02
,2021-10-23,,SH600873,梅花生物,6.29,0,6.25
,2021-10-23,,SH601515,衢州东峰,3.71,0,6.93
,2021-11-01,,SZ002293,罗莱生活,0,10,12.77
,2021-11-01,,SZ002884,凌霄泵业,0,8,22.3
,2021-11-01,,SH600285,羚锐制药,0,7,10.75
,2021-11-01,,SZ002003,伟星股份,0,6,9.57
,2021-11-01,,SZ002242,九阳股份,6.03,7.71,23.15
,2021-11-01,,SZ000895,双汇发展,6.44,8,28.75
,2021-11-01,,SH601000,唐山港,7.44,8.94,2.67
,2021-11-01,,SH600376,首开股份,5.4,0,4.73
,2021-11-01,,SH601166,兴业银行,3.83,0,18.63
,2021-11-01,,SH600755,厦门国贸,5.21,0,6.88
,2021-11-01,,SH601155,新城控股,5.46,0,33.36
,2021-11-01,,SH603920,世运电路,9.55,7,18.3
,2021-11-01,,SH600188,兖矿能源,2.41,0,22.9
,2021-11-01,,SH600383,金地集团,4.38,0,10.1
,2021-11-01,,SH601318,中国平安,6.5,0,48.85
,2021-11-07,,SZ002884,凌霄泵业,7.8,9,22.21
,2021-11-07,,SZ002003,伟星股份,6.3,7.34,10.26
,2021-11-07,,SH601126,四方股份,1.19,0,15.81
,2021-11-07,,SH603920,世运电路,8.05,7,21.5
,2021-11-11,,SH600327,大东方,0,3.17,5.98
,2021-11-11,,SH603920,世运电路,7.18,4,22.03
,2021-12-03,,SH600873,梅花生物,0,6.44,7.29
,2021-12-03,,SH600170,上海建工,0,6,3.42
,2021-12-03,,SH601216,君正集团,0,5.91,5.75
,2021-12-03,,SZ000895,双汇发展,7.79,0,30.1
,2021-12-03,,SH603920,世运电路,3.79,0,22
,2021-12-03,,SZ002242,九阳股份,6.76,0,21.81
,2021-12-09,,SH600285,羚锐制药,7.88,4,13.36
,2021-12-10,,SZ002003,伟星股份,8.81,5,13.37
,2021-12-10,,SZ000719,中原传媒,0,3.87,7.27
,2021-12-13,,SH601328,交通银行,0,6.99,4.6
,2021-12-13,,SZ000719,中原传媒,3.88,6.9,7.25
,2021-12-13,,SH601009,南京银行,6.18,0,9.28
,2021-12-26,,SH600820,隧道股份,0,5.05,5.36
,2021-12-26,,SH601216,君正集团,5.15,0,5.27
,2022-01-06,,SH600285,羚锐制药,4.62,3,16.6
,2022-01-07,,SZ000719,中原传媒,8.95,6,10.2
,2022-01-07,,SH600755,厦门国贸,0,4.67,7.6
,2022-01-22,,SH600755,厦门国贸,4.64,7.39,7.17
,2022-01-22,,SH600327,大东方,2.78,0,5.81
,2022-02-20,,SH600064,南京高科,0,4.11,9.74
,2022-02-20,,SH600285,羚锐制药,2.48,0,13.61
,2022-02-20,,SZ002763,汇洁股份,5.6,4,9.51
,2022-02-22,,SH600153,建发股份,0,5.25,10.3
,2022-02-22,,SZ002003,伟星股份,5.24,0,14.7
,2022-02-26,,SZ002014,永新股份,0,5.45,9.24
,2022-02-26,,SH600170,上海建工,5.45,0,3.29
,2022-03-26,,SH600064,南京高科,4.27,7.73,9.69
,2022-03-26,,SH601088,中国神华,5.54,8,28.2
,2022-03-26,,SH601328,交通银行,7.29,8,4.9
,2022-03-26,,SH600873,梅花生物,7.47,8,8.85
,2022-03-26,,SZ002293,罗莱生活,9.21,8,12.68
,2022-03-26,,SH603886,元祖股份,7.36,6,18.2
,2022-03-26,,SH600820,隧道股份,4.78,0,5.05
,2022-04-27,,SH600461,洪城环境,0,3.45,7.54
,2022-04-27,,SZ002763,汇洁股份,3.25,0,7.1
,2022-04-28,,SZ002441,众业达,0,8.24,8
,2022-04-28,,SH601000,唐山港,8.79,6,2.71
,2022-04-28,,SH603886,元祖股份,5.46,0,16.09
,2022-05-14,,SH601668,中国建筑,0,7.4,5.99
,2022-05-14,,SZ002293,罗莱生活,7.47,0,12.02
,2022-06-13,,SH600461,洪城环境,3.5,8.66,8.33
,2022-06-13,,SH600755,厦门国贸,8.06,8.9,8.15
,2022-06-13,,SH601000,唐山港,5.93,0,2.68
,2022-07-08,,SH600273,嘉化能源,0,5.32,11.23
,2022-07-08,,SH600873,梅花生物,11.32,6,13.21
,2022-07-21,,SZ002441,众业达,12.04,6,12.29
,2022-07-21,,SH600810,神马股份,0,6.06,8.73
,2022-08-27,,SH501059,国企红利LOF,0,5.81,2.076
,2022-08-27,,SH600153,建发股份,5.81,0,11.21
,2022-09-04,,SZ000651,格力电器,0,5.76,33.22
,2022-09-04,,SH501059,国企红利LOF,5.76,0,2.046
,2022-09-17,,SH600901,江苏金租,0,7.75,5.08
,2022-09-17,,SH600755,厦门国贸,7.75,0,6.63
,2022-10-30,,SH603889,新澳股份,0,5.92,6.58
,2022-10-30,,SZ002884,凌霄泵业,5.92,0,15.09
,2022-11-06,,SH600012,皖通高速,0,6,6.95
,2022-11-06,,SZ002014,永新股份,6.03,7.62,8.19
,2022-11-06,,SH600901,江苏金租,8.44,8.98,5.41
,2022-11-06,,SH600461,洪城环境,8.13,0,7.17
,2022-12-11,,SZ002032,苏泊尔,0,4.25,49.17
,2022-12-11,,SZ002441,众业达,4.25,0,8.88
,2023-01-11,,SH600256,广汇能源,0,7.97,9.58
,2023-01-11,,SH601088,中国神华,7.98,0,27.48
,2023-03-28,,SZ000048,京基智农,0,6.42,21.26
,2023-03-28,,SZ000719,中原传媒,6.48,0,11.13
,2023-04-03,,SH600810,神马股份,5.06,0,7.83
,2023-04-03,,SZ000513,丽珠集团,0,5.13,36.97
,2023-04-27,,SZ002533,金杯电工,0,4.1,7.8
,2023-04-27,,SZ002032,苏泊尔,4.1,0,51.55
,2023-04-29,,SZ000333,美的集团,0,5.74,58.3
,2023-04-29,,SZ000651,格力电器,5.74,0,35.58
,2023-07-19,,SH600273,嘉化能源,4.67,0,10.01
,2023-07-19,,SH600008,首创环保,0,4.67,2.91
,2023-08-30,,SH603706,东方环宇,0,7.63,15.86
,2023-08-30,,SH600057,厦门象屿,7.63,0,7.48
,2023-10-29,,SH600066,宇通客车,0,4.49,13.87
,2023-10-29,,SH600008,首创环保,4.49,0,2.77
,2024-02-05,,SH600901,江苏金租,10.08,10,4.57
,2024-03-03,,SH600256,广汇能源,6.14,7.7,7.81
,2024-03-03,,SH600873,梅花生物,4.51,3,10.73
,2024-03-19,,SZ000915,华特达因,0,4.94,35.52
,2024-03-19,,SZ000048,京基智农,4.92,0,17.05
,2024-04-21,,SZ000915,华特达因,4.51,7.28,35.31
,2024-04-21,,SH600873,梅花生物,2.77,0,10.75
,2024-04-28,,SH603579,荣泰健康,0,9.89,22.58
,2024-04-28,,SH600012,皖通高速,9.89,0,14.05
,2024-07-29,,SH600066,宇通客车,6.83,7.48,21.98
,2024-07-29,,SH601328,交通银行,11.66,11,7.49
,2024-10-27,,SH601318,中国平安,0,6.45,57.62
,2024-10-27,,SZ000915,华特达因,6.45,0,30.15
,2024-10-30,,SZ002027,分众传媒,0,7.86,7.28
,2024-10-30,,SH603579,荣泰健康,7.86,0,13.72
,2024-12-25,,SZ000001,平安银行,0,10.23,11.87
,2024-12-25,,SH601328,交通银行,10.23,0,7.7
,2024-12-26,,SH600820,隧道股份,0,6.24,7.04
,2024-12-26,,SH601668,中国建筑,6.24,0,6.03
,2025-03-16,,SZ002555,三七互娱,0,10,16.42
,2025-03-16,,SZ000001,平安银行,10.17,0,11.61
,2025-03-20,,SH601318,中国平安,5.91,9,52.4
,2025-03-20,,SH600901,江苏金租,9.54,6,5.04
,2025-05-17,,SH603519,立霸股份,0,5,13.43
,2025-05-17,,SH600015,华夏银行,0,5,7.52
,2025-05-17,,SH603886,元祖股份,0,5,14
,2025-05-17,,SH603558,健盛集团,0,5,8.94
,2025-05-17,,SZ002788,鹭燕医药,0,5,8.22
,2025-05-17,,SZ003008,开普检测,0,5,20.62
,2025-05-17,,SH603115,海星股份,0,5,14.28
,2025-05-17,,SZ300864,南大环境,0,5,19.49
,2025-05-17,,SH601919,中远海控,0,5,16.1
,2025-05-17,,SH601225,陕西煤业,0,5,20.11
,2025-05-17,,SZ301003,江苏博云,0,5,28.71
,2025-05-17,,SH603706,东方环宇,8.41,4,19.42
,2025-05-17,,SZ000513,丽珠集团,4.39,2,35.28
,2025-05-17,,SZ002027,分众传媒,7.97,4,7.3
,2025-05-17,,SH600256,广汇能源,5.85,2,6.01
,2025-05-17,,SZ000333,美的集团,7.07,3,76.67
,2025-05-17,,SZ002533,金杯电工,4.94,2,9.88
,2025-05-17,,SH600901,江苏金租,6.87,3,5.73
,2025-05-17,,SZ002555,三七互娱,9.1,4,14.97
,2025-05-17,,SH601318,中国平安,9.26,5,53.58
,2025-05-17,,SH600066,宇通客车,8.18,4,24.71
,2025-05-17,,SH603889,新澳股份,5.92,3,6.1
,2025-05-17,,SZ002014,永新股份,8.89,4,11.11
,2025-05-17,,SH600820,隧道股份,5.44,2,6.04
,2025-05-17,,SH600064,南京高科,7.08,3,7.48
,2025-06-01,,SH603600,永艺股份,0,5,10.05
,2025-06-01,,SZ002788,鹭燕医药,5.07,0,8.41
,2025-06-03,,SH601169,北京银行,0,2.14,6.46
,2025-06-03,,SZ000513,丽珠集团,2.07,0,37.25
,2025-07-23,,SH603115,海星股份,6.68,0,20.21
,2025-07-23,,SZ002746,仙坛股份,0,5,6.32
,2025-08-18,,SZ301003,江苏博云,5.66,3,36.05
,2025-08-23,,SH603788,宁波高发,0,5,17.53
,2025-08-23,,SZ301003,江苏博云,3.08,0,37.68
,2025-08-28,,SH603095,越剑智能,0,5,15.09
,2025-08-28,,SZ300864,南大环境,4.73,0,20.57
,2025-10-26,,SH603167,渤海轮渡,0,5,9.96
,2025-10-26,,SH603886,元祖股份,4.08,0,12.16
,2025-10-28,,SH603326,我乐家居,0,5,9.13
,2025-10-28,,SH603948,建业股份,0,5,25.93
,2025-10-28,,SH603600,永艺股份,4.88,0,11.06
,2025-10-28,,SH603095,越剑智能,5.05,0,15.45
,2025-10-30,,SZ002763,汇洁股份,0,2.72,7.32
,2025-10-30,,SH600256,广汇能源,1.68,0,5.29
,2025-11-15,,SH605098,行动教育,0,3.27,40.64
,2025-11-15,,SH603948,建业股份,6.49,3,35.3
,2026-02-26,,SZ002533,金杯电工,2.57,2,15.23
,2026-03-19,,SH600132,重庆啤酒,0,2.67,56.97
,2026-03-19,,SZ002533,金杯电工,1.88,0,14.22
,2026-04-01,,SZ002404,嘉欣丝绸,0,2.83,6.99
,2026-04-01,,SZ002763,汇洁股份,2.82,0,7.98
,2026-04-21,,SH605338,巴比食品,0,4.38,23.51
,2026-04-21,,SZ003008,开普检测,4.41,0,21.88
,2026-04-26,,SH603600,永艺股份,0,4.4,11.8
,2026-04-26,,SH603167,渤海轮渡,4.37,0,9.22
,2026-04-27,,SH603006,联明股份,0,4.59,13.9
,2026-04-27,,SH603519,立霸股份,4.61,0,13.99
,2026-04-30,,SZ000895,双汇发展,0,4,27.58
,2026-04-30,,SH605266,健之佳,0,3.16,19.85
,2026-04-30,,SZ000333,美的集团,2.73,0,80.95
,2026-04-30,,SH603326,我乐家居,4.41,0,8.53
,2026-07-30,,SH605266,健之佳,3.01,3,16.53
,2026-08-27,,SH603165,荣晟环保,0,4.86,14.38
,2026-08-27,,SH603948,建业股份,1.88,0,19.86
,2026-08-27,,SH605266,健之佳,2.98,0,16.17
