symbol,name,weight,segment
SH600064,南京高科,3.14,房地产
SH600820,隧道股份,1.70,建筑装饰
SH601169,北京银行,1.84,银行
SH600132,重庆啤酒,2.01,食品饮料
SH603788,宁波高发,4.15,汽车
SZ002014,永新股份,3.91,轻工制造
SH600015,华夏银行,4.14,银行
SH601919,中远海控,5.21,交通运输
SH603889,新澳股份,3.79,纺织服饰
SH600066,宇通客车,4.19,汽车
SH601318,中国平安,4.91,非银金融
SZ002555,三七互娱,4.54,传媒
SH605338,巴比食品,3.90,食品饮料
SH600901,江苏金租,3.57,非银金融
SH603006,联明股份,3.99,汽车
SH603558,健盛集团,6.98,纺织服饰
SH603600,永艺股份,4.30,轻工制造
SH601225,陕西煤业,6.43,采掘
SH605098,行动教育,4.81,社会服务
SZ002746,仙坛股份,5.26,农林牧渔
SZ002027,分众传媒,2.57,传媒
SH603706,东方环宇,3.47,公用事业
SZ002404,嘉欣丝绸,2.66,纺织服饰
SZ000895,双汇发展,3.77,食品饮料
SH603165,荣晟环保,4.76,轻工制造
